id,first_name,last_name,email,gender,ip_address,age,insurance_number
1,Bevon,Morefield,bmorefield0@cmu.edu,Male,224.213.130.190,25,87583321777
2,Napoleon,Sposito,nsposito1@squarespace.com,Male,106.208.117.249,65,06637190838
3,Sancho,Rikkard,srikkard2@ocn.ne.jp,Male,136.153.104.157,88,38805485652
4,Marsha,Guillford,mguillford3@sfgate.com,Female,142.247.148.12,92,73026987667
5,Clair,Kira,ckira4@mac.com,Female,185.46.178.124,36,86242809196
6,Nariko,Lamplough,nlamplough5@techcrunch.com,Female,157.244.234.16,43,47036096040
7,Wallie,Gowthrop,wgowthrop6@utexas.edu,Male,232.74.154.4,37,01690564191
8,Lenard,Ferryn,lferryn7@clickbank.net,Male,55.60.155.246,01,34746183863
9,Ketty,Harnes,kharnes8@tiny.cc,Female,1.252.20.77,86,40500258853
10,Travers,Baseke,tbaseke9@furl.net,Male,163.9.172.115,75,52219223109
11,Karlene,Winteringham,kwinteringhama@mlb.com,Female,14.52.113.161,10,65408627557
12,Dunstan,Alebrooke,dalebrookeb@constantcontact.com,Male,151.136.82.49,44,06473970173
13,Osgood,Kleinmann,okleinmannc@who.int,Male,102.215.253.237,00,41383648223
14,Ingar,Finker,ifinkerd@statcounter.com,Male,168.67.146.80,65,23066837282
15,Fidelity,Gatlin,fgatline@cisco.com,Female,165.41.204.153,64,95859862020
16,Bibbie,Hyland,bhylandf@myspace.com,Female,212.103.73.217,02,25442675531
17,Cindi,Burbidge,cburbidgeg@mapy.cz,Female,38.187.38.130,64,94005926842
18,Lock,Beaushaw,lbeaushawh@ca.gov,Male,186.247.27.200,25,76963072863
19,Kendall,Gearing,kgearingi@zdnet.com,Male,229.161.191.235,34,04822268548
20,Henri,Apedaile,hapedailej@cargocollective.com,Male,225.137.5.166,45,90033684629
21,Tristan,Baert,tbaertk@nature.com,Male,85.34.71.199,25,77654366300
22,Olive,Coysh,ocoyshl@amazonaws.com,Female,188.157.20.70,52,98133719634
23,Jehu,Bothe,jbothem@deviantart.com,Male,138.28.158.74,66,63936166586
24,Glenna,Kochs,gkochsn@bbb.org,Female,70.133.135.64,80,57876502214
25,Celle,Izen,cizeno@wunderground.com,Female,255.225.228.78,89,76895557929
26,Cody,O'Fihily,cofihilyp@salon.com,Male,146.217.169.139,77,95095736493
27,Eberto,Wetwood,ewetwoodq@google.es,Male,24.89.179.249,67,31404416312
28,Marcelo,Ludwikiewicz,mludwikiewiczr@mozilla.com,Male,36.4.233.181,00,71352850018
29,Alla,Treffry,atreffrys@livejournal.com,Female,222.5.224.50,98,66104938165
30,Jaymie,Corteney,jcorteneyt@bloomberg.com,Male,33.211.217.160,24,69921718713
31,Pepita,Domniney,pdomnineyu@phpbb.com,Female,248.74.169.214,65,64582706580
32,Margalo,Bott,mbottv@shop-pro.jp,Female,52.211.222.213,65,17847730453
33,Torin,Tandey,ttandeyw@nytimes.com,Male,220.130.156.50,65,05556008719
34,Arnuad,Asbury,aasburyx@clickbank.net,Male,127.47.133.247,63,24258212314
35,Skipton,Brammall,sbrammally@jalbum.net,Male,160.179.82.181,23,21972383658
36,Klemens,Vedyasov,kvedyasovz@europa.eu,Male,24.141.83.188,21,15560771206
37,Teri,Stratton,tstratton10@last.fm,Female,148.226.152.8,22,28690012373
38,Gery,Bonnin,gbonnin11@weebly.com,Male,21.152.137.56,89,57530171924
39,Dewey,Shardlow,dshardlow12@ameblo.jp,Male,89.61.134.125,50,45136878631
40,Batsheva,Fairham,bfairham13@netscape.com,Female,66.4.149.230,49,20951044339
41,Hagen,Dragon,hdragon14@i2i.jp,Male,158.187.169.142,57,89102895377
42,Susanna,Benninger,sbenninger15@hc360.com,Female,10.208.137.193,30,42831358256
43,Padraig,Steed,psteed16@nydailynews.com,Male,133.121.129.253,05,17900439010
44,Cornelius,Orry,corry17@creativecommons.org,Male,189.32.212.24,09,35148038996
45,Herschel,Bofield,hbofield18@biglobe.ne.jp,Male,28.55.56.247,65,86301207042
46,Decca,Murrish,dmurrish19@jiathis.com,Male,138.53.78.192,05,96497091343
47,Turner,Ashbolt,tashbolt1a@friendfeed.com,Male,70.5.18.147,17,66056583681
48,Donovan,Brehaut,dbrehaut1b@mozilla.com,Male,89.17.1.167,33,30808103270
49,Huntington,Gillbard,hgillbard1c@sitemeter.com,Male,248.159.72.106,17,68477208598
50,Jeanne,Skitral,jskitral1d@sohu.com,Female,0.89.236.25,27,75072926564
51,Katee,MacConneely,kmacconneely1e@wired.com,Female,118.104.39.113,18,28460603387
52,Ketty,Greaser,kgreaser1f@unesco.org,Female,133.187.239.187,29,11306144038
53,Gareth,Rottgers,grottgers1g@github.io,Male,254.209.157.247,40,30511116626
54,Wilie,Staton,wstaton1h@paginegialle.it,Female,16.58.162.110,14,60417740651
55,Cecilio,Klejna,cklejna1i@soup.io,Male,13.16.77.83,51,83777298267
56,Norry,Zecchii,nzecchii1j@phoca.cz,Male,54.222.221.22,75,18443620023
57,Shaylyn,Triner,striner1k@state.tx.us,Female,156.35.252.122,15,13358988629
58,Brynn,Sheehan,bsheehan1l@cam.ac.uk,Female,152.205.108.65,93,67652784228
59,Jakie,Reeman,jreeman1m@dyndns.org,Male,144.178.168.58,21,46092829322
60,Leonie,Tassaker,ltassaker1n@etsy.com,Female,36.202.11.158,68,76166909948
61,Lorrie,Walworth,lwalworth1o@elpais.com,Female,76.143.226.120,86,43995532895
62,Regan,Harly,rharly1p@live.com,Male,50.20.187.101,24,87687727183
63,Barny,Sisey,bsisey1q@virginia.edu,Male,104.120.106.188,13,23804362071
64,Marja,Alvaro,malvaro1r@toplist.cz,Female,235.29.167.119,67,16447229233
65,David,Atthowe,datthowe1s@aol.com,Male,199.156.37.105,06,83496178625
66,Egbert,Henner,ehenner1t@bizjournals.com,Male,174.110.192.80,94,37099167707
67,Devin,Vivian,dvivian1u@wikipedia.org,Female,228.182.63.226,73,57853242368
68,Mela,Thaine,mthaine1v@mozilla.com,Female,102.116.209.75,69,05326019090
69,Nana,Woodland,nwoodland1w@imdb.com,Female,218.89.56.193,87,80415900285
70,Hailey,Hail,hhail1x@google.pl,Male,27.196.235.216,39,21412371135
71,Garvin,Larrie,glarrie1y@discuz.net,Male,180.134.161.22,86,49195288205
72,Junia,Maddocks,jmaddocks1z@google.es,Female,9.111.132.146,66,10252203314
73,Gavan,Wrist,gwrist20@cbslocal.com,Male,29.194.85.65,83,19446148492
74,Chicky,Ogbourne,cogbourne21@stanford.edu,Female,241.116.16.150,75,62003431055
75,Juana,Abrahmovici,jabrahmovici22@yale.edu,Female,208.12.254.105,95,83156649615
76,Marven,Prettyjohns,mprettyjohns23@hp.com,Male,78.108.104.189,01,70220241901
77,Giacobo,Peart,gpeart24@umich.edu,Male,203.234.139.170,17,82926910355
78,Orel,Scurrell,oscurrell25@wix.com,Female,40.251.160.20,06,80264086746
79,Shepard,Riedel,sriedel26@trellian.com,Male,16.37.124.255,14,08027121947
80,Evelyn,Leguay,eleguay27@jugem.jp,Female,160.108.8.229,84,01536834057
81,Nina,Kernar,nkernar28@joomla.org,Female,244.123.183.18,05,66121856044
82,Raquela,Corde,rcorde29@google.ru,Female,8.123.54.72,54,99868655198
83,Hersh,Boriston,hboriston2a@geocities.com,Male,195.25.222.49,79,41956541594
84,Dagny,Erlam,derlam2b@gmpg.org,Male,73.14.227.133,61,57772133258
85,Olivie,Easter,oeaster2c@reverbnation.com,Female,53.69.204.22,03,34570525243
86,Norean,Livett,nlivett2d@bbc.co.uk,Female,212.65.49.7,00,42730954209
87,Ame,Alldridge,aalldridge2e@ed.gov,Female,113.167.106.153,17,02452586230
88,Bendicty,Bortolomei,bbortolomei2f@merriam-webster.com,Male,41.107.17.225,53,97429418534
89,Brigham,Mattiuzzi,bmattiuzzi2g@loc.gov,Male,95.68.123.22,50,46467148536
90,Maurie,Vivash,mvivash2h@booking.com,Male,79.247.69.27,19,67961633757
91,Eleen,Kenner,ekenner2i@flavors.me,Female,171.166.247.37,22,89741036939
92,Tracy,Simonian,tsimonian2j@mit.edu,Male,174.151.176.113,82,98270948497
93,Shirleen,Robardey,srobardey2k@goo.ne.jp,Female,126.216.135.77,45,98764603085
94,Bone,Durgan,bdurgan2l@goodreads.com,Male,12.145.89.192,14,26309243968
95,Linc,Boagey,lboagey2m@t.co,Male,104.140.7.167,94,32440372727
96,Cly,MacVicar,cmacvicar2n@amazon.de,Male,6.20.141.97,81,90973688931
97,Bekki,Follin,bfollin2o@aboutads.info,Female,229.229.46.16,46,15767113218
98,West,Drury,wdrury2p@gravatar.com,Male,8.218.6.92,12,73465250326
99,Gal,Elesander,gelesander2q@mapy.cz,Male,14.246.57.134,16,14502333393
100,Dorolisa,Cassy,dcassy2r@ocn.ne.jp,Female,77.149.21.191,45,58766645740
101,Isabelita,Peidro,ipeidro2s@fastcompany.com,Female,128.158.244.132,31,05623346230
102,Ansley,Goodswen,agoodswen2t@tiny.cc,Female,50.148.1.106,82,06104879030
103,Lem,Hanratty,lhanratty2u@blogtalkradio.com,Male,97.181.152.223,15,94441929492
104,Rozele,Metheringham,rmetheringham2v@usda.gov,Female,170.73.56.74,90,97601361095
105,Cymbre,Fulks,cfulks2w@chicagotribune.com,Female,191.70.224.239,80,16030235013
106,Luce,Mackriell,lmackriell2x@dailymail.co.uk,Male,180.68.157.22,02,96910780185
107,Audy,Hendron,ahendron2y@over-blog.com,Female,93.145.8.61,58,35707419230
108,Kirby,Laycock,klaycock2z@cloudflare.com,Female,126.62.140.219,05,34590398574
109,Hirsch,Shelly,hshelly30@weebly.com,Male,193.71.40.237,39,65973821624
110,Benjamen,Hawkings,bhawkings31@acquirethisname.com,Male,43.220.91.147,77,21779728513
111,Mason,Acklands,macklands32@pen.io,Male,62.32.27.99,02,81391549280
112,Weidar,Easseby,weasseby33@bloomberg.com,Male,230.21.3.69,03,27784605506
113,Cherin,Deards,cdeards34@macromedia.com,Female,191.143.114.165,51,75256279501
114,Madella,Melia,mmelia35@quantcast.com,Female,54.12.240.87,94,48692498233
115,Fraze,Beart,fbeart36@europa.eu,Male,213.132.109.14,68,67835365766
116,Paulo,Glassopp,pglassopp37@cbslocal.com,Male,192.183.18.58,06,76505042838
117,Nestor,Lange,nlange38@flickr.com,Male,183.164.168.21,03,38634151164
118,Michaela,MacKain,mmackain39@msu.edu,Female,47.207.245.86,76,05873432677
119,Willabella,Merchant,wmerchant3a@narod.ru,Female,68.178.98.38,23,37777493439
120,Terrijo,Paice,tpaice3b@4shared.com,Female,8.24.142.199,12,76499275320
121,Lyman,Baptista,lbaptista3c@hao123.com,Male,139.116.94.2,15,73736102654
122,Kinny,Patek,kpatek3d@biglobe.ne.jp,Male,24.5.228.66,39,30054435597
123,Emmet,Trevaskis,etrevaskis3e@github.com,Male,19.135.147.194,69,15513755288
124,Iormina,McCallister,imccallister3f@chron.com,Female,27.85.213.8,42,93500723930
125,Karlens,Toon,ktoon3g@google.co.jp,Male,58.125.202.243,17,99223563449
126,Jamey,Bullman,jbullman3h@vkontakte.ru,Male,50.41.162.191,95,37521074395
127,Tamma,Bearn,tbearn3i@imdb.com,Female,3.148.210.20,41,06768510205
128,Consuela,O'Hare,cohare3j@histats.com,Female,126.87.254.67,81,30061355288
129,Traver,Follacaro,tfollacaro3k@cmu.edu,Male,107.81.22.98,01,78770010663
130,Preston,Svanetti,psvanetti3l@washingtonpost.com,Male,181.239.156.105,33,20583078549
131,Manny,Kerwick,mkerwick3m@tinypic.com,Male,213.147.200.245,27,89004039729
132,Lulu,Bollen,lbollen3n@geocities.jp,Female,3.23.234.104,97,51619517258
133,Conrad,Sate,csate3o@creativecommons.org,Male,60.68.137.243,99,79412871799
134,Neille,Rake,nrake3p@artisteer.com,Female,33.222.133.27,88,32299314861
135,Ronnie,Nobriga,rnobriga3q@nifty.com,Female,73.245.32.184,54,42253856703
136,Kendrick,Sadgrove,ksadgrove3r@jiathis.com,Male,51.74.14.46,84,00370318633
137,Benn,Harwell,bharwell3s@opera.com,Male,213.166.125.94,18,89243458907
138,Erhard,Zollner,ezollner3t@tamu.edu,Male,217.120.8.121,79,47132906836
139,Joelle,Birtley,jbirtley3u@github.io,Female,149.189.39.171,24,97197602245
140,Alexandros,Pendrich,apendrich3v@disqus.com,Male,149.171.171.77,69,75499460183
141,Corabel,McGrale,cmcgrale3w@fema.gov,Female,24.2.148.184,23,03452678046
142,Monique,Talbot,mtalbot3x@last.fm,Female,158.149.37.239,99,43456524092
143,Fonz,Pardew,fpardew3y@time.com,Male,147.197.164.145,72,91627415286
144,Theo,Wellsman,twellsman3z@hao123.com,Female,110.17.108.111,79,22672618095
145,Flora,Bizley,fbizley40@xrea.com,Female,175.232.151.110,81,57260615841
146,Skipton,Cumesky,scumesky41@xing.com,Male,68.61.193.94,99,44031413251
147,Bethany,Kuhndel,bkuhndel42@pcworld.com,Female,198.101.100.186,57,29229484231
148,Mehetabel,Ruseworth,mruseworth43@blogspot.com,Female,123.106.115.54,05,21196020456
149,Callie,Crowdson,ccrowdson44@lycos.com,Female,201.216.80.0,32,59304323226
150,Gayler,Peirce,gpeirce45@feedburner.com,Male,128.12.210.112,78,54207993943
151,Averill,Rugge,arugge46@ycombinator.com,Male,175.6.86.158,51,30996209514
152,Kelwin,Calladine,kcalladine47@accuweather.com,Male,39.149.141.35,55,69279946956
153,Tam,McGaw,tmcgaw48@wikipedia.org,Male,64.81.117.231,97,62327956805
154,Thorin,McAnulty,tmcanulty49@imageshack.us,Male,94.244.86.68,82,98349649603
155,Corey,Curl,ccurl4a@github.io,Male,240.101.109.162,65,43238383565
156,Yorgo,Etteridge,yetteridge4b@chron.com,Male,131.245.232.243,13,94109139772
157,Binny,Cleyburn,bcleyburn4c@constantcontact.com,Female,146.202.123.170,99,33444126367
158,Ailene,Klimmek,aklimmek4d@narod.ru,Female,196.223.97.93,22,61237571757
159,Trina,Flook,tflook4e@sun.com,Female,227.155.88.151,01,60752681401
160,Bendick,Dubois,bdubois4f@mapquest.com,Male,21.68.198.83,19,23600221989
161,Zelma,Fagg,zfagg4g@goodreads.com,Female,248.191.9.175,91,99690728568
162,Ardisj,Durran,adurran4h@comsenz.com,Female,22.91.37.50,48,90022164813
163,Dick,Ancketill,dancketill4i@deviantart.com,Male,246.105.127.92,14,41777568963
164,Berthe,Tutsell,btutsell4j@intel.com,Female,122.197.188.115,24,10207972659
165,Hildegaard,Shevell,hshevell4k@bluehost.com,Female,4.133.119.158,44,66887894042
166,Sidonnie,Brayshay,sbrayshay4l@webeden.co.uk,Female,253.13.205.29,87,98718569765
167,Lyssa,Eppson,leppson4m@gov.uk,Female,0.107.25.127,90,88829589560
168,Nell,Jones,njones4n@furl.net,Female,102.60.223.71,94,26882008118
169,Tomaso,Lothlorien,tlothlorien4o@state.tx.us,Male,79.39.18.91,17,08023293061
170,Maria,Astin,mastin4p@ucla.edu,Female,79.24.124.223,11,75363497749
171,Jermaine,Rawstron,jrawstron4q@pbs.org,Male,27.207.130.91,97,53545165579
172,Helge,Genge,hgenge4r@nps.gov,Female,201.25.124.122,02,33276116958
173,Angelico,MacWhan,amacwhan4s@bbb.org,Male,123.22.144.201,19,07941363682
174,Papagena,Congram,pcongram4t@sohu.com,Female,153.203.35.192,26,91885657236
175,Sly,Lovejoy,slovejoy4u@feedburner.com,Male,178.242.171.165,50,70569129417
176,Chloette,Golsthorp,cgolsthorp4v@a8.net,Female,120.184.178.64,60,36285259315
177,Maison,Malafe,mmalafe4w@goodreads.com,Male,3.119.144.118,78,97513961589
178,Ode,Girauld,ogirauld4x@reuters.com,Male,220.51.72.213,43,69954656320
179,Kiri,Stirling,kstirling4y@foxnews.com,Female,181.228.138.29,23,01536750213
180,Fransisco,Cullip,fcullip4z@blogspot.com,Male,224.97.124.238,94,50589090380
181,Xever,Rudgard,xrudgard50@webs.com,Male,1.31.226.233,24,65613832650
182,Coraline,MacCarrick,cmaccarrick51@ucoz.ru,Female,34.198.110.220,10,08756722144
183,Taddeo,Kersaw,tkersaw52@example.com,Male,146.101.172.5,14,04185651255
184,Janeen,Coats,jcoats53@reference.com,Female,59.46.78.120,10,88038772333
185,Ram,Friedank,rfriedank54@bloglines.com,Male,177.164.214.55,08,23290932580
186,Prince,Haskayne,phaskayne55@last.fm,Male,176.28.12.54,69,63277973413
187,Zorine,Bengtsen,zbengtsen56@answers.com,Female,164.76.13.253,47,56634156292
188,Jackquelin,Gillespie,jgillespie57@friendfeed.com,Female,239.169.225.193,25,62911399826
189,Johanna,Merrisson,jmerrisson58@myspace.com,Female,35.11.54.239,38,23048004918
190,Conney,Hodges,chodges59@cnet.com,Male,29.93.44.182,18,74140260251
191,Hinda,McCrorie,hmccrorie5a@cnbc.com,Female,117.79.92.247,08,74814476946
192,Jacky,Rivilis,jrivilis5b@springer.com,Female,234.150.46.76,82,39998907548
193,Roberto,Bidnall,rbidnall5c@narod.ru,Male,49.62.70.117,44,58669882533
194,Casey,Zanni,czanni5d@youtube.com,Male,223.224.6.171,80,56436737298
195,Worden,Crabb,wcrabb5e@businessinsider.com,Male,37.220.242.158,30,56856635005
196,Janos,Axworthy,jaxworthy5f@livejournal.com,Male,100.124.62.44,74,46156185186
197,Lyssa,Branchet,lbranchet5g@webeden.co.uk,Female,140.81.39.224,31,99878455057
198,Lawrence,Kinvan,lkinvan5h@psu.edu,Male,167.159.244.27,28,52235093306
199,Tye,Farnaby,tfarnaby5i@oaic.gov.au,Male,207.190.248.241,86,30184646281
200,Harwell,Riches,hriches5j@tmall.com,Male,83.132.51.79,94,57697306278
201,Meaghan,Clague,mclague5k@europa.eu,Female,194.3.95.59,41,84474807215
202,Rozamond,Carsberg,rcarsberg5l@jigsy.com,Female,184.231.196.47,22,42479090488
203,Dayle,Fells,dfells5m@myspace.com,Female,15.94.124.37,46,77895336431
204,Jessalin,Jantet,jjantet5n@gizmodo.com,Female,217.107.110.117,15,63601299936
205,Charmane,Speller,cspeller5o@newyorker.com,Female,63.143.134.159,92,13976516633
206,Eyde,MacPeake,emacpeake5p@hostgator.com,Female,121.76.213.97,66,71891874473
207,Jesselyn,Ramsbotham,jramsbotham5q@godaddy.com,Female,48.73.208.147,91,83363813285
208,Florian,Gladtbach,fgladtbach5r@oaic.gov.au,Male,74.225.155.94,08,46002677138
209,Lincoln,Laity,llaity5s@soup.io,Male,143.211.80.92,08,38617506154
210,Bert,Cregeen,bcregeen5t@youtube.com,Male,104.249.121.230,67,30412841844
211,Keven,Feldharker,kfeldharker5u@imdb.com,Male,65.94.4.56,87,08515438193
212,Tabbitha,Balmer,tbalmer5v@cnet.com,Female,250.14.44.252,83,23034187652
213,Aretha,Soule,asoule5w@businessinsider.com,Female,108.107.149.199,27,34188505555
214,Loy,Markie,lmarkie5x@fema.gov,Male,69.156.186.61,71,53706926117
215,Marylou,Landrieu,mlandrieu5y@state.tx.us,Female,164.73.135.194,50,06030648713
216,Nicoline,Christin,nchristin5z@apple.com,Female,14.103.181.221,71,65064567091
217,Meier,Soutar,msoutar60@sphinn.com,Male,166.195.202.42,06,81948066791
218,Lotta,Hundley,lhundley61@woothemes.com,Female,105.126.227.25,34,14648236234
219,Isabeau,Jedrzaszkiewicz,ijedrzaszkiewicz62@weibo.com,Female,167.210.130.164,29,68219042733
220,Port,Withur,pwithur63@netlog.com,Male,137.96.223.97,76,31401718528
221,Maighdiln,Erickson,merickson64@state.tx.us,Female,81.167.129.219,97,54827957931
222,Demetrius,Nevill,dnevill65@amazon.co.uk,Male,122.172.135.88,28,90462365536
223,Rupert,Ferrarone,rferrarone66@unblog.fr,Male,139.195.153.226,01,20914661621
224,Lion,De la Perrelle,ldelaperrelle67@123-reg.co.uk,Male,238.130.127.97,37,43323147944
225,Redd,Jealous,rjealous68@plala.or.jp,Male,24.227.40.34,98,51022459217
226,Ondrea,Maidens,omaidens69@theguardian.com,Female,41.199.226.245,04,04867562886
227,Lizette,De Castri,ldecastri6a@a8.net,Female,118.108.53.84,28,20104213115
228,Constancia,Ible,cible6b@purevolume.com,Female,152.243.24.186,71,31350299123
229,Orran,Killingworth,okillingworth6c@rambler.ru,Male,201.111.121.172,05,35848196247
230,Ruth,Yarr,ryarr6d@hc360.com,Female,190.42.161.226,22,15892697516
231,Quinn,Punchard,qpunchard6e@cdbaby.com,Female,36.234.42.227,21,07545077945
232,Klement,Macauley,kmacauley6f@google.co.jp,Male,20.167.114.237,19,17387493492
233,Constantine,Athow,cathow6g@e-recht24.de,Female,228.16.104.190,93,33197898462
234,Benson,Readwood,breadwood6h@fda.gov,Male,231.11.21.211,97,07660531157
235,Deidre,McGifford,dmcgifford6i@upenn.edu,Female,37.187.236.51,42,56248227525
236,Drew,Sitwell,dsitwell6j@ocn.ne.jp,Male,189.5.168.109,44,69380847607
237,Ferdinanda,Roslen,froslen6k@pen.io,Female,64.99.20.158,12,45493580959
238,Antons,Folker,afolker6l@geocities.jp,Male,74.123.149.249,11,81765704728
239,Ansley,Dottrell,adottrell6m@ask.com,Female,50.78.227.209,45,08662599179
240,Reinald,Tesauro,rtesauro6n@tripadvisor.com,Male,220.33.239.48,13,80337312383
241,Ware,Puden,wpuden6o@cpanel.net,Male,39.252.212.46,52,18593814902
242,Omero,Dible,odible6p@barnesandnoble.com,Male,85.181.196.160,83,66372383244
243,Monte,Tickle,mtickle6q@earthlink.net,Male,18.225.108.182,59,04190419970
244,Emyle,Scaplehorn,escaplehorn6r@g.co,Female,123.72.212.12,83,42389256074
245,Codi,Deyenhardt,cdeyenhardt6s@prnewswire.com,Female,70.97.189.7,39,46320198784
246,Adrian,Crimes,acrimes6t@free.fr,Male,157.246.32.185,96,22151652962
247,Danila,Farmar,dfarmar6u@boston.com,Female,184.37.68.58,56,38848812305
248,Garry,Haddy,ghaddy6v@1688.com,Male,190.45.90.26,99,99265147007
249,Sutherland,Carswell,scarswell6w@washington.edu,Male,160.180.85.206,93,16193119983
250,Ibby,Bailiss,ibailiss6x@privacy.gov.au,Female,226.177.137.108,64,60275740230
251,Yehudi,Lyfield,ylyfield6y@xrea.com,Male,84.127.232.42,30,88217798249
252,Herbert,Rubinivitz,hrubinivitz6z@fastcompany.com,Male,196.197.71.94,31,24955358029
253,Corilla,Hovey,chovey70@free.fr,Female,239.76.235.42,56,70497082624
254,Burt,Cavill,bcavill71@businessinsider.com,Male,82.148.111.5,41,18033345330
255,Anetta,Camacke,acamacke72@ftc.gov,Female,182.219.213.175,78,35653334092
256,Maurizio,Southam,msoutham73@ft.com,Male,126.164.100.34,30,05777342527
257,Jean,Viney,jviney74@technorati.com,Male,28.214.74.111,87,13974694282
258,Sylas,Duggary,sduggary75@blog.com,Male,3.204.184.37,74,53135422241
259,Udall,Pinck,upinck76@ucsd.edu,Male,174.223.247.148,01,86066822582
260,Vergil,MacRedmond,vmacredmond77@weather.com,Male,29.133.83.246,94,13328835653
261,Gena,Catterson,gcatterson78@paypal.com,Female,21.31.53.185,58,00145360370
262,Minny,Gunther,mgunther79@unblog.fr,Female,230.220.161.222,03,26081262975
263,Irma,Shimoni,ishimoni7a@exblog.jp,Female,49.147.76.88,54,19608190363
264,Sancho,Delmonti,sdelmonti7b@rakuten.co.jp,Male,161.212.242.212,04,07323427855
265,Kameko,Harby,kharby7c@globo.com,Female,171.230.187.112,32,70167637533
266,Bobbee,Jahnke,bjahnke7d@github.com,Female,85.101.153.172,77,09840477720
267,Myrah,Callendar,mcallendar7e@mail.ru,Female,160.53.224.192,06,55446109380
268,Linus,Letchmore,lletchmore7f@constantcontact.com,Male,79.53.248.147,68,54545857320
269,Gretta,Tiery,gtiery7g@angelfire.com,Female,156.42.197.142,04,70898451124
270,Starla,Justham,sjustham7h@theguardian.com,Female,248.223.105.211,85,78366098545
271,Tedman,Brobak,tbrobak7i@wunderground.com,Male,35.115.5.113,18,89694010820
272,Nancey,Edgell,nedgell7j@linkedin.com,Female,237.28.229.159,64,44111917542
273,Isabeau,O'Ferris,ioferris7k@engadget.com,Female,25.236.115.136,16,63185828144
274,Waring,Cherrison,wcherrison7l@squarespace.com,Male,68.17.243.97,74,02503301974
275,Rab,Killough,rkillough7m@nationalgeographic.com,Male,36.172.108.208,03,05831664736
276,Horacio,Ivanyutin,hivanyutin7n@kickstarter.com,Male,205.191.82.216,86,12177065591
277,Blane,Noone,bnoone7o@indiatimes.com,Male,175.65.106.15,10,97980642001
278,Ugo,Ceely,uceely7p@jigsy.com,Male,150.141.74.108,72,18737694050
279,Bertram,Clementson,bclementson7q@cdbaby.com,Male,125.220.103.92,95,46987490437
280,Free,Extence,fextence7r@youku.com,Male,89.43.205.132,69,32881269347
281,Goran,Duckhouse,gduckhouse7s@sbwire.com,Male,146.74.201.186,94,64583303174
282,Lawry,Grishinov,lgrishinov7t@xing.com,Male,249.222.131.64,30,22879739897
283,Aeriela,Brunsdon,abrunsdon7u@reddit.com,Female,35.198.149.243,16,79779608199
284,Free,Vinck,fvinck7v@macromedia.com,Male,107.194.246.123,78,48731480540
285,Fairleigh,Caitlin,fcaitlin7w@unc.edu,Male,178.50.22.15,57,34492144135
286,Skye,January,sjanuary7x@go.com,Male,20.201.238.103,21,08319897601
287,Dorelia,Goade,dgoade7y@t.co,Female,252.22.190.12,17,46899699754
288,Lotti,Matchett,lmatchett7z@google.co.jp,Female,161.176.79.106,13,29443323342
289,Zelma,Ciobutaru,zciobutaru80@creativecommons.org,Female,174.255.160.241,30,36089526378
290,Thomasina,Giuron,tgiuron81@qq.com,Female,34.100.214.171,14,47983955224
291,Graehme,Alstead,galstead82@youku.com,Male,42.189.7.233,56,71840947230
292,Darius,Yurygyn,dyurygyn83@umn.edu,Male,12.17.210.136,75,88367030633
293,Bellanca,Simcox,bsimcox84@uiuc.edu,Female,3.16.138.60,00,79085445139
294,Rita,Towns,rtowns85@pinterest.com,Female,71.37.223.15,51,72190531967
295,Shelbi,Abramovitz,sabramovitz86@mit.edu,Female,230.140.169.187,16,77619782964
296,Washington,Gillooly,wgillooly87@unesco.org,Male,251.98.166.132,67,14558195644
297,Ezequiel,Mephan,emephan88@tripadvisor.com,Male,97.60.215.129,63,29620849609
298,Deidre,Quinn,dquinn89@miitbeian.gov.cn,Female,91.162.164.183,94,96719712360
299,Abby,Romeo,aromeo8a@cbsnews.com,Male,92.25.18.171,27,24330684143
300,Hewett,Attwell,hattwell8b@cbsnews.com,Male,177.170.254.6,08,31046357721
301,Jeane,Bernardotti,jbernardotti8c@narod.ru,Female,217.185.220.0,77,96061158971
302,Bunni,De Bellis,bdebellis8d@addtoany.com,Female,210.148.93.179,62,25103109222
303,Xenia,Frickey,xfrickey8e@goo.ne.jp,Female,184.131.131.46,77,32702773657
304,Nickola,McLennan,nmclennan8f@google.ca,Male,147.181.16.73,32,40215400644
305,Janessa,Maltby,jmaltby8g@apple.com,Female,30.118.176.128,41,45142472259
306,Jermain,Chazelas,jchazelas8h@dropbox.com,Male,32.181.205.195,81,52914775312
307,Melicent,Shear,mshear8i@forbes.com,Female,20.33.52.184,11,64124131533
308,Moishe,Whooley,mwhooley8j@tinyurl.com,Male,191.246.101.76,40,45330029649
309,Normie,McAughtry,nmcaughtry8k@va.gov,Male,199.109.189.113,52,31435470999
310,Allina,Bordone,abordone8l@rambler.ru,Female,128.64.255.13,29,84675302966
311,Oneida,Christophersen,ochristophersen8m@ustream.tv,Female,250.76.181.66,23,12663567772
312,Maurise,Reddle,mreddle8n@rambler.ru,Female,152.210.227.198,12,42407455634
313,Kass,Lorraway,klorraway8o@opensource.org,Female,31.71.219.227,88,46499338090
314,Welch,Crossfield,wcrossfield8p@ustream.tv,Male,122.9.255.226,07,29085234689
315,Elston,Campo,ecampo8q@artisteer.com,Male,230.181.22.215,80,71101687092
316,Ketti,Clemintoni,kclemintoni8r@mlb.com,Female,185.34.198.10,26,32228160616
317,Opal,Rassell,orassell8s@buzzfeed.com,Female,54.140.84.25,85,32748220494
318,Lora,Rogerson,lrogerson8t@squarespace.com,Female,244.2.228.43,16,78658942890
319,Alfonso,Warrier,awarrier8u@phoca.cz,Male,236.209.33.109,80,28010529114
320,Valle,Rackley,vrackley8v@symantec.com,Male,123.135.165.23,65,46861497081
321,Eugine,Bourchier,ebourchier8w@wix.com,Female,124.49.21.111,13,21174314705
322,Regan,Walduck,rwalduck8x@trellian.com,Female,27.247.223.91,87,33274780701
323,Morena,Cawtheray,mcawtheray8y@cnbc.com,Female,3.192.228.143,90,85669818484
324,Greta,Sweedland,gsweedland8z@e-recht24.de,Female,251.107.241.99,11,24350281599
325,Kylie,Sheerman,ksheerman90@cbc.ca,Female,131.84.129.205,47,38506847826
326,Waldon,Storror,wstorror91@uol.com.br,Male,26.118.6.88,13,90184528757
327,Bettye,Jocelyn,bjocelyn92@mapy.cz,Female,173.163.124.76,17,67258677915
328,Reginald,Doumerc,rdoumerc93@bravesites.com,Male,64.11.55.150,17,12351564920
329,Hobie,Karczinski,hkarczinski94@skyrock.com,Male,241.188.175.228,95,71039966053
330,Latia,Shoutt,lshoutt95@ox.ac.uk,Female,96.224.99.68,80,58975845918
331,Carolin,Eliasson,celiasson96@creativecommons.org,Female,123.26.184.71,85,13896745849
332,Cordell,Romanini,cromanini97@noaa.gov,Male,124.156.19.235,87,20976988472
333,Harriot,Cotelard,hcotelard98@hc360.com,Female,170.109.151.113,27,87183170436
334,Abigale,Regelous,aregelous99@lulu.com,Female,134.5.139.67,80,00026423749
335,Annemarie,Leathers,aleathers9a@linkedin.com,Female,187.176.197.159,68,07009571022
336,Dannie,Edgell,dedgell9b@reuters.com,Female,95.189.238.121,23,84264190992
337,Morry,Wrightem,mwrightem9c@nih.gov,Male,251.230.28.52,91,16798049719
338,Simmonds,Gotch,sgotch9d@photobucket.com,Male,160.251.253.95,25,69704146730
339,Inez,Cheyenne,icheyenne9e@ibm.com,Female,174.254.249.115,45,00982561486
340,Honey,Shave,hshave9f@cloudflare.com,Female,72.199.147.28,10,87081620667
341,Rikki,Abrashkin,rabrashkin9g@businesswire.com,Female,71.243.200.23,72,03559514247
342,Vivianna,Egleton,vegleton9h@last.fm,Female,80.79.187.218,08,07516610922
343,Noell,Graeber,ngraeber9i@omniture.com,Female,3.0.152.89,09,95108662152
344,Dalt,Eskrick,deskrick9j@bizjournals.com,Male,211.204.123.198,65,57705306334
345,Bryn,Bewly,bbewly9k@state.gov,Male,235.141.131.97,96,25478214513
346,Sebastian,Turbat,sturbat9l@hud.gov,Male,242.39.223.116,68,26587896141
347,Nikos,Starsmeare,nstarsmeare9m@so-net.ne.jp,Male,216.238.87.49,14,22888875047
348,Harv,Cumberledge,hcumberledge9n@cam.ac.uk,Male,190.179.208.71,06,53081318524
349,Noam,Heersma,nheersma9o@samsung.com,Male,144.178.211.220,24,98936679222
350,Shepperd,Targetter,stargetter9p@mlb.com,Male,235.7.2.54,35,19471322887
351,Javier,Pepperill,jpepperill9q@woothemes.com,Male,240.21.214.198,08,36281039171
352,Dorian,Fido,dfido9r@bravesites.com,Male,74.97.67.208,12,60123776526
353,Arther,Cowdry,acowdry9s@hc360.com,Male,231.143.182.60,44,13622524717
354,Orion,Corfield,ocorfield9t@etsy.com,Male,20.216.130.23,29,85654601440
355,Randee,Ditchett,rditchett9u@dion.ne.jp,Female,237.86.147.75,67,45320277864
356,Baudoin,Medway,bmedway9v@ibm.com,Male,187.231.187.212,51,35593595022
357,Tremaine,South,tsouth9w@icq.com,Male,118.12.49.62,63,79371878984
358,Modestia,Garvin,mgarvin9x@constantcontact.com,Female,225.248.22.255,56,22707993303
359,Fidelity,Ledbetter,fledbetter9y@ed.gov,Female,108.156.124.153,86,99519815579
360,Skippie,Cordeux,scordeux9z@lycos.com,Male,242.214.15.208,55,69977107764
361,Anselma,Stubbes,astubbesa0@edublogs.org,Female,224.86.77.37,68,83937468433
362,Chickie,Crockford,ccrockforda1@geocities.com,Male,119.206.159.189,78,30310222006
363,Marj,Kasparski,mkasparskia2@usnews.com,Female,14.151.211.197,89,60083908526
364,Toddie,Farren,tfarrena3@yolasite.com,Male,156.88.186.95,82,02687671604
365,Catharine,Casetta,ccasettaa4@sciencedaily.com,Female,105.74.170.220,52,42505778706
366,Trevar,Arman,tarmana5@cdc.gov,Male,105.177.197.99,68,28541931270
367,Chandal,Tills,ctillsa6@ibm.com,Female,28.209.83.134,44,53941178445
368,Lanie,Lowre,llowrea7@ucsd.edu,Female,137.30.139.7,45,55885308963
369,Lorry,Rymour,lrymoura8@geocities.jp,Female,190.139.88.184,14,47326437049
370,Selina,Cleere,scleerea9@ebay.co.uk,Female,79.58.187.61,19,70916492230
371,Katya,Crosier,kcrosieraa@marketwatch.com,Female,54.74.206.12,12,81700774293
372,Humbert,Spurge,hspurgeab@imgur.com,Male,232.242.28.45,25,60668872660
373,Taddeusz,Swenson,tswensonac@wisc.edu,Male,234.91.90.215,37,82712970594
374,Cordy,Kondratenko,ckondratenkoad@japanpost.jp,Male,63.15.121.100,81,33200764408
375,Eamon,Vaughan,evaughanae@state.gov,Male,160.189.168.133,23,10912183442
376,Beatrisa,Crigin,bcriginaf@desdev.cn,Female,151.30.101.249,42,49914311777
377,Derrick,Delaprelle,ddelaprelleag@imdb.com,Male,105.2.67.190,24,65178225042
378,Nichol,Bielefeld,nbielefeldah@msn.com,Female,167.74.168.65,76,51104445780
379,Hendrik,McGlew,hmcglewai@ft.com,Male,182.119.210.145,31,36159326431
380,Etan,Cocks,ecocksaj@surveymonkey.com,Male,245.137.0.224,13,87918719565
381,Mehetabel,Aslum,maslumak@cdc.gov,Female,163.52.127.248,91,78866849484
382,Nick,Millsap,nmillsapal@narod.ru,Male,217.206.190.241,78,67676841521
383,Lauritz,Rackstraw,lrackstrawam@acquirethisname.com,Male,244.49.38.152,57,31117553620
384,Isak,Coggings,icoggingsan@foxnews.com,Male,225.32.253.60,10,66086410675
385,Tyson,Hunsworth,thunsworthao@desdev.cn,Male,43.243.198.88,61,92882803773
386,Emlyn,Hexham,ehexhamap@ca.gov,Male,241.74.63.117,39,78925359706
387,Xavier,Boucher,xboucheraq@timesonline.co.uk,Male,49.46.203.170,31,68832929029
388,Faina,Moulster,fmoulsterar@ameblo.jp,Female,53.249.134.74,98,46161367767
389,Alejandrina,Bunker,abunkeras@list-manage.com,Female,35.237.119.180,32,42591261746
390,Waring,Fantone,wfantoneat@phpbb.com,Male,187.21.85.76,87,95741417054
391,Betty,Frostdick,bfrostdickau@jimdo.com,Female,158.72.179.180,58,03153491958
392,Jessamyn,Lambarth,jlambarthav@gov.uk,Female,43.79.222.144,49,68888537338
393,Ronny,Tilling,rtillingaw@nbcnews.com,Female,95.111.123.150,79,76626700539
394,Vaughn,Eakle,veakleax@whitehouse.gov,Male,135.85.122.46,68,40596387333
395,Blythe,Glasscott,bglasscottay@reuters.com,Female,24.93.202.158,79,94756146433
396,Marleah,Lowers,mlowersaz@altervista.org,Female,189.193.127.87,44,51386300373
397,Lucina,Vanns,lvannsb0@fotki.com,Female,121.65.115.41,52,57715115991
398,Jervis,Baudasso,jbaudassob1@cafepress.com,Male,115.207.224.33,15,14660800149
399,Ambros,Bowles,abowlesb2@guardian.co.uk,Male,217.245.57.64,42,33024889353
400,Oren,Walbrun,owalbrunb3@reverbnation.com,Male,28.201.150.104,70,03685631735
401,Bron,Forson,bforsonb4@eventbrite.com,Male,148.229.156.146,86,51801562745
402,Libby,Waltering,lwalteringb5@mediafire.com,Female,84.181.156.28,48,48928775315
403,Ignatius,McNair,imcnairb6@abc.net.au,Male,245.37.228.28,32,87587228258
404,Tabby,Duetschens,tduetschensb7@china.com.cn,Male,160.194.25.90,49,19955890459
405,Craggie,Janczak,cjanczakb8@paginegialle.it,Male,94.124.234.82,58,69925526954
406,Benji,Van't Hoff,bvanthoffb9@dagondesign.com,Male,177.197.101.33,52,00882524773
407,Idaline,Hirtz,ihirtzba@hubpages.com,Female,222.23.244.193,91,53848513987
408,Danielle,Landsbury,dlandsburybb@wunderground.com,Female,225.145.160.103,42,63833206879
409,Amelia,Girvin,agirvinbc@purevolume.com,Female,246.31.253.189,60,33047312799
410,Hunter,Molines,hmolinesbd@reddit.com,Male,162.208.47.167,55,32723786960
411,Shaun,Gotobed,sgotobedbe@pen.io,Female,191.94.217.236,23,94199510009
412,Kenon,Duester,kduesterbf@hugedomains.com,Male,94.71.166.19,62,63396655710
413,Winifield,Bagnal,wbagnalbg@wired.com,Male,212.70.240.118,05,21599579983
414,Basil,Croy,bcroybh@printfriendly.com,Male,186.87.30.208,11,27692022515
415,Kippar,Sergent,ksergentbi@t-online.de,Male,190.214.201.42,65,58355092524
416,Nicolai,Phipps,nphippsbj@clickbank.net,Male,126.225.178.145,71,86838159878
417,Adriano,Heyburn,aheyburnbk@blogtalkradio.com,Male,56.208.69.128,26,02554717717
418,Kristoffer,McCosh,kmccoshbl@devhub.com,Male,143.2.223.135,45,27678575383
419,Teresita,Daelman,tdaelmanbm@deviantart.com,Female,25.84.31.73,21,09173707113
420,Wenona,Huggill,whuggillbn@parallels.com,Female,80.233.128.110,98,05765924709
421,Orlan,Beebe,obeebebo@wix.com,Male,159.192.132.17,27,18667346110
422,Gray,Dagleas,gdagleasbp@google.es,Male,69.185.187.23,29,16014471089
423,Murray,Jillins,mjillinsbq@harvard.edu,Male,186.176.168.119,49,02223971683
424,Zoe,Sherland,zsherlandbr@lycos.com,Female,31.172.12.217,55,21395809472
425,Mylo,Althrop,malthropbs@1und1.de,Male,181.161.6.54,54,88093853215
426,Bertha,Harefoot,bharefootbt@google.it,Female,37.141.133.89,48,97308348991
427,Silvester,Koene,skoenebu@pinterest.com,Male,193.198.54.44,51,79312365264
428,Kimberli,Tullett,ktullettbv@photobucket.com,Female,200.236.171.150,36,92077210116
429,Douglas,Pinckney,dpinckneybw@weather.com,Male,235.139.2.138,58,24726621801
430,Hetty,Costelloe,hcostelloebx@netscape.com,Female,156.32.141.200,48,78718770300
431,Tersina,Clews,tclewsby@bing.com,Female,159.107.86.164,32,89610141224
432,Benedikt,Jiggins,bjigginsbz@diigo.com,Male,154.45.50.247,50,13392999910
433,Othella,O'Lunny,oolunnyc0@ucoz.ru,Female,251.112.108.173,19,87099866291
434,Sherlocke,Giamo,sgiamoc1@imdb.com,Male,5.32.134.56,33,13771447118
435,Angelia,Burdass,aburdassc2@squidoo.com,Female,1.4.241.247,08,58231173274
436,Maurene,Jahnig,mjahnigc3@gnu.org,Female,192.127.176.89,24,59098047770
437,Barty,Khilkov,bkhilkovc4@columbia.edu,Male,88.23.227.78,17,64640711445
438,Chic,Skipperbottom,cskipperbottomc5@blog.com,Male,233.208.24.54,23,04126695427
439,Urson,Hamon,uhamonc6@smugmug.com,Male,192.113.200.184,69,01434775984
440,Geoffrey,Casse,gcassec7@sogou.com,Male,57.142.135.101,88,25043623993
441,Kendricks,Moncarr,kmoncarrc8@illinois.edu,Male,159.167.206.98,33,14488429701
442,Lennie,Stirley,lstirleyc9@live.com,Male,121.238.208.73,87,96648630222
443,Wyatan,Bruckental,wbruckentalca@tiny.cc,Male,22.104.116.239,63,50927398601
444,Daveen,Delaprelle,ddelaprellecb@moonfruit.com,Female,227.218.184.166,92,02743255880
445,Wilona,Beirne,wbeirnecc@mit.edu,Female,62.13.7.93,98,49817742124
446,Loutitia,Postan,lpostancd@4shared.com,Female,3.63.76.251,09,61937579664
447,Mirabel,McSperrin,mmcsperrince@economist.com,Female,130.114.35.28,51,87804501807
448,Ganny,McGovern,gmcgoverncf@addthis.com,Male,234.139.66.100,80,13039447397
449,Gibbie,MacCostye,gmaccostyecg@odnoklassniki.ru,Male,239.163.164.15,07,03750831412
450,Johannah,Ten Broek,jtenbroekch@ucoz.com,Female,200.168.102.211,94,34621789730
451,Feliks,Noyce,fnoyceci@e-recht24.de,Male,67.203.225.38,10,16432468549
452,Angelo,Chalfain,achalfaincj@t-online.de,Male,146.8.122.1,96,79946573265
453,Florenza,Errichiello,ferrichiellock@theatlantic.com,Female,25.87.42.142,49,43668910906
454,Reginald,Clymer,rclymercl@japanpost.jp,Male,40.193.198.216,10,96686256216
455,Beauregard,Echallier,bechalliercm@reference.com,Male,149.190.138.98,45,41661941734
456,Ario,Boughtwood,aboughtwoodcn@behance.net,Male,161.74.101.136,32,59250347950
457,Ula,Aujean,uaujeanco@sitemeter.com,Female,93.118.30.177,50,61621329256
458,Tiertza,Goodricke,tgoodrickecp@mit.edu,Female,60.112.46.166,84,39898440425
459,Guthrie,Greim,ggreimcq@liveinternet.ru,Male,53.229.52.129,56,69296714375
460,Jasmine,Matyas,jmatyascr@wordpress.com,Female,153.26.53.146,01,85695446069
461,Winston,McAdam,wmcadamcs@cbsnews.com,Male,203.39.16.99,53,82950728251
462,Gilda,Benedidick,gbenedidickct@github.io,Female,14.229.154.239,11,28590893622
463,Omero,Kalisz,okaliszcu@chicagotribune.com,Male,193.188.110.24,41,14587248138
464,Kendell,Smethurst,ksmethurstcv@eepurl.com,Male,31.17.52.5,62,51820768871
465,Ava,Greeding,agreedingcw@tamu.edu,Female,159.26.254.39,41,11856288356
466,Gena,Cocklie,gcockliecx@naver.com,Female,227.4.66.45,39,96472287849
467,Halie,Heakins,hheakinscy@java.com,Female,144.224.182.58,19,10160852568
468,Symon,Gallehawk,sgallehawkcz@discovery.com,Male,109.233.185.88,52,09433633164
469,Pablo,Tessyman,ptessymand0@google.co.uk,Male,50.227.6.130,28,54711679591
470,Dallas,Kleine,dkleined1@nifty.com,Female,11.22.161.236,47,88918620026
471,Ansley,Ewell,aewelld2@ifeng.com,Female,64.104.135.230,44,86701548793
472,Demetris,Perico,dpericod3@google.com.hk,Male,135.40.203.206,74,49011295852
473,Averil,Sparshott,asparshottd4@engadget.com,Female,250.22.230.242,03,45466673083
474,Liliane,Chander,lchanderd5@163.com,Female,187.29.136.195,15,09402241537
475,Danny,Wyd,dwydd6@forbes.com,Female,80.224.163.159,63,26191763752
476,Carri,Boath,cboathd7@digg.com,Female,167.156.168.134,74,99538411458
477,Ryley,Klimowicz,rklimowiczd8@xinhuanet.com,Male,135.160.89.224,04,57854242261
478,Lucie,Cock,lcockd9@unesco.org,Female,186.112.125.29,26,52499504418
479,Gorden,Klemke,gklemkeda@lulu.com,Male,20.139.199.245,93,88405694405
480,Killy,Suttie,ksuttiedb@nasa.gov,Male,147.18.59.248,06,27573410507
481,Ogdon,Voller,ovollerdc@acquirethisname.com,Male,194.216.78.237,22,10893831481
482,Howard,Davidovici,hdavidovicidd@cbc.ca,Male,169.189.58.238,65,20001611533
483,Sayre,Cottisford,scottisfordde@guardian.co.uk,Male,60.17.229.211,51,27065341792
484,Cristal,Schruurs,cschruursdf@imdb.com,Female,87.226.148.248,53,78318625706
485,Tiena,Beahan,tbeahandg@senate.gov,Female,11.225.6.233,31,93635496002
486,Herold,Sheppey,hsheppeydh@diigo.com,Male,89.107.182.233,83,28460449634
487,Lilith,D'Emanuele,ldemanueledi@ft.com,Female,250.117.157.20,44,30152920339
488,Sebastien,Danson,sdansondj@google.es,Male,99.141.103.69,26,10102849576
489,Cob,Bragge,cbraggedk@squarespace.com,Male,252.247.132.203,32,78454187969
490,Tanhya,Eirwin,teirwindl@ifeng.com,Female,209.83.27.108,75,53632390352
491,Row,Mattys,rmattysdm@opera.com,Female,57.123.219.81,66,36450874442
492,Miriam,Gilliatt,mgilliattdn@twitpic.com,Female,16.46.174.99,75,34149341252
493,Donielle,Jeffry,djeffrydo@github.com,Female,119.191.175.251,17,71084706469
494,Dillie,O'Doherty,dodohertydp@guardian.co.uk,Male,134.123.145.77,57,29837126495
495,Rickie,Rissom,rrissomdq@wikipedia.org,Female,121.103.216.191,09,57891338063
496,Jessica,Foch,jfochdr@usnews.com,Female,100.44.233.45,09,88717280398
497,Minny,Elson,melsonds@deviantart.com,Female,247.220.139.161,80,91984994795
498,Dulcy,Maultby,dmaultbydt@a8.net,Female,198.218.255.99,28,77046017700
499,Katharyn,Sacco,ksaccodu@addtoany.com,Female,132.221.118.64,83,88379511055
500,Rayshell,Leydon,rleydondv@xinhuanet.com,Female,115.87.181.49,34,24791602653
501,Rolfe,Hayland,rhaylanddw@businessweek.com,Male,226.105.159.15,94,66318040586
502,Morton,Gianettini,mgianettinidx@amazon.de,Male,62.166.44.203,40,88979558270
503,Hervey,Smillie,hsmilliedy@un.org,Male,24.60.164.151,19,96829751678
504,Elvyn,Inge,eingedz@aol.com,Male,3.61.5.232,93,49439739627
505,Waylan,Draude,wdraudee0@netvibes.com,Male,138.125.200.181,23,75298874874
506,Neely,Withey,nwitheye1@elegantthemes.com,Female,67.214.79.168,78,77533937280
507,Chloe,Boost,cbooste2@tripadvisor.com,Female,177.48.87.151,78,85633001910
508,Costanza,Ranshaw,cranshawe3@hubpages.com,Female,180.159.9.133,31,78997100819
509,Eben,Cumo,ecumoe4@usnews.com,Male,16.188.125.25,44,64673395287
510,Alphonse,Rushmer,arushmere5@yellowpages.com,Male,194.172.149.254,57,94925629964
511,Gris,Vondracek,gvondraceke6@qq.com,Male,20.247.60.119,36,51562672616
512,Megan,Giamitti,mgiamittie7@nsw.gov.au,Female,21.25.165.34,41,23070929683
513,Loleta,Caldayrou,lcaldayroue8@usnews.com,Female,255.87.41.16,83,38902955388
514,Linn,Janzen,ljanzene9@msu.edu,Male,182.249.167.33,02,17731132927
515,Corabella,Marien,cmarienea@unesco.org,Female,189.119.125.117,34,19613867814
516,Missy,Lodwick,mlodwickeb@symantec.com,Female,127.53.117.195,70,08931541428
517,Chariot,Hayer,chayerec@mapquest.com,Male,44.68.147.177,74,89614785454
518,Jacky,Skowcraft,jskowcrafted@google.it,Male,158.68.234.234,30,73151324656
519,Betti,Marfield,bmarfieldee@yale.edu,Female,63.5.255.8,20,16749637477
520,Krishna,Finder,kfinderef@bbc.co.uk,Male,186.95.99.108,96,56563913776
521,Troy,Lensch,tlenscheg@mayoclinic.com,Male,166.120.173.30,99,71755326465
522,Lanni,MacCallam,lmaccallameh@imdb.com,Female,61.5.180.126,08,39094110284
523,Lauren,Cazin,lcazinei@t-online.de,Male,58.48.230.65,85,89277292962
524,Papagena,Farland,pfarlandej@discuz.net,Female,128.166.196.220,03,27052201044
525,Urbanus,Keemar,ukeemarek@istockphoto.com,Male,175.95.231.32,84,82189868455
526,Rici,Spoole,rspooleel@cisco.com,Female,223.46.148.134,72,84664554967
527,Myrle,Baughn,mbaughnem@163.com,Female,61.215.174.110,16,62693135958
528,Noel,Govern,ngovernen@goo.ne.jp,Male,18.0.148.220,66,09467495338
529,Em,Impy,eimpyeo@narod.ru,Female,118.84.128.251,76,34661313622
530,Abelard,Klaiser,aklaiserep@pinterest.com,Male,45.195.132.252,32,24497321960
531,Illa,Kidd,ikiddeq@pen.io,Female,81.253.210.3,52,87859683691
532,Isaiah,Ambrosio,iambrosioer@patch.com,Male,183.226.48.232,01,78128995596
533,Deane,Geane,dgeanees@reference.com,Female,76.96.86.234,17,92080391480
534,Aldridge,Partkya,apartkyaet@squarespace.com,Male,226.186.98.211,04,53690612645
535,Tomasina,Devonish,tdevonisheu@symantec.com,Female,138.77.108.125,44,49306083172
536,Sharona,Reddish,sreddishev@goo.gl,Female,189.128.208.36,41,08309187910
537,Ryan,Lympany,rlympanyew@sbwire.com,Male,157.177.59.82,08,81465470021
538,Milzie,Lark,mlarkex@paypal.com,Female,165.90.20.121,82,20191798201
539,Eleen,Garrold,egarroldey@nsw.gov.au,Female,227.206.119.161,12,86710698811
540,Willdon,Kohn,wkohnez@mayoclinic.com,Male,194.66.177.19,20,12298653764
541,Dorette,Roelvink,droelvinkf0@moonfruit.com,Female,99.165.22.161,76,31813125675
542,Zarla,Rosenau,zrosenauf1@unblog.fr,Female,46.85.104.174,60,33031850038
543,Murry,Kendrew,mkendrewf2@washingtonpost.com,Male,234.97.114.33,44,03886112740
544,Nollie,MacCurlye,nmaccurlyef3@vkontakte.ru,Female,18.188.229.172,87,26179359288
545,Emile,Skene,eskenef4@zdnet.com,Male,237.245.197.82,94,83114395896
546,Alyssa,Mottini,amottinif5@google.es,Female,129.213.51.136,39,70734095400
547,Janka,Heber,jheberf6@fc2.com,Female,76.44.19.48,04,09483675284
548,Tabb,Le Monnier,tlemonnierf7@globo.com,Male,207.255.25.8,69,98307989018
549,Wolfie,Duddle,wduddlef8@sina.com.cn,Male,217.125.46.133,72,11030539714
550,Robbie,Vedstra,rvedstraf9@narod.ru,Male,35.118.218.34,43,37299587889
551,Bil,Mainson,bmainsonfa@usatoday.com,Male,58.252.245.241,16,18242801233
552,Gale,Gascard,ggascardfb@ucoz.ru,Female,41.155.3.18,46,53590244862
553,Nana,Colliber,ncolliberfc@jugem.jp,Female,34.147.10.209,12,91029623238
554,Georgianna,Salmond,gsalmondfd@illinois.edu,Female,160.4.139.118,02,87370437176
555,Hamilton,Steinhammer,hsteinhammerfe@elegantthemes.com,Male,60.229.183.74,59,79830137954
556,Cortney,Winckles,cwincklesff@google.it,Female,135.168.59.142,67,39583615692
557,Adore,Woolaghan,awoolaghanfg@gravatar.com,Female,86.241.47.174,97,77799010882
558,Ulick,Meryett,umeryettfh@bandcamp.com,Male,17.133.132.246,72,70672137525
559,Davide,Riha,drihafi@typepad.com,Male,95.254.183.215,48,30893053945
560,Marc,Sutterfield,msutterfieldfj@biglobe.ne.jp,Male,42.40.221.167,04,23912219032
561,Caresse,Cleen,ccleenfk@wired.com,Female,33.197.84.232,63,03444540600
562,Conrado,Reubel,creubelfl@people.com.cn,Male,141.214.121.67,43,24081054857
563,Ugo,Duprey,udupreyfm@nationalgeographic.com,Male,22.136.1.252,90,88699996290
564,Edwin,O'Kieran,eokieranfn@ebay.com,Male,248.237.27.251,74,47484900276
565,Nolly,Roarty,nroartyfo@samsung.com,Male,33.128.114.39,07,46785242138
566,Leonanie,Pickavance,lpickavancefp@umich.edu,Female,76.240.171.232,75,33942186617
567,Arlee,Gyrgorcewicx,agyrgorcewicxfq@aboutads.info,Female,245.89.141.130,66,13854159316
568,Jabez,Salamon,jsalamonfr@twitpic.com,Male,150.51.180.203,20,95883322809
569,Arnoldo,MacTrustie,amactrustiefs@va.gov,Male,15.88.7.16,34,41209349405
570,Lula,Boschmann,lboschmannft@homestead.com,Female,247.41.136.231,08,68004361787
571,Ryon,Garshore,rgarshorefu@creativecommons.org,Male,124.223.1.173,30,20688894698
572,Noe,Crilly,ncrillyfv@ebay.com,Male,121.219.146.175,04,87777508675
573,Ivor,Orgel,iorgelfw@loc.gov,Male,130.72.134.110,11,37945432740
574,Benjamin,Benois,bbenoisfx@cbslocal.com,Male,86.6.134.79,87,52634878353
575,Willie,Pococke,wpocockefy@nhs.uk,Male,143.78.2.155,36,04955179566
576,Carol-jean,Kleanthous,ckleanthousfz@tamu.edu,Female,122.184.254.180,19,51382963289
577,Juliana,Meynell,jmeynellg0@pen.io,Female,153.80.181.150,21,66779906638
578,Dawna,Farherty,dfarhertyg1@edublogs.org,Female,211.219.50.57,69,33796640909
579,Jammie,Birks,jbirksg2@prnewswire.com,Female,181.92.216.164,98,88744184350
580,Cameron,Coie,ccoieg3@feedburner.com,Male,147.132.151.69,27,78020619623
581,Angelique,Pervew,apervewg4@csmonitor.com,Female,81.80.31.159,11,05925291510
582,De,Garmanson,dgarmansong5@nydailynews.com,Female,193.95.114.109,75,69854690886
583,Latisha,Sturrock,lsturrockg6@etsy.com,Female,109.68.250.0,52,02950529134
584,Dani,Robbins,drobbinsg7@typepad.com,Female,118.234.173.217,46,02305845677
585,Ashley,Brindley,abrindleyg8@yale.edu,Male,8.13.144.164,57,82959107117
586,Purcell,Ferrino,pferrinog9@google.com,Male,186.162.95.99,96,48969713793
587,Krystle,Croley,kcroleyga@wired.com,Female,188.111.4.9,37,19336068950
588,Sterne,Arson,sarsongb@usda.gov,Male,253.187.214.225,76,73226382124
589,Ezechiel,Stitcher,estitchergc@yolasite.com,Male,112.226.83.166,63,11160281369
590,Gareth,Ceschi,gceschigd@ox.ac.uk,Male,50.101.216.212,40,76959611165
591,Alena,Lille,alillege@privacy.gov.au,Female,202.160.2.96,88,80816669914
592,Doti,Seres,dseresgf@stumbleupon.com,Female,88.37.138.64,35,47720866829
593,Chiquita,Fripps,cfrippsgg@taobao.com,Female,2.164.0.64,90,51662504700
594,Lanny,Geal,lgealgh@aboutads.info,Female,106.91.91.66,98,01569007240
595,My,Kynastone,mkynastonegi@yolasite.com,Male,146.73.247.119,05,33088284942
596,Bibby,Jannasch,bjannaschgj@forbes.com,Female,59.69.102.178,14,82182319699
597,Julio,Piatkowski,jpiatkowskigk@scientificamerican.com,Male,150.121.240.70,64,87025240851
598,Moises,Dignall,mdignallgl@flavors.me,Male,147.210.37.147,63,19075934182
599,Francine,Belchamber,fbelchambergm@tmall.com,Female,27.63.154.88,68,10634257998
600,Avrom,Lettice,aletticegn@comcast.net,Male,45.195.150.129,79,51501539461
601,Benny,Edmeads,bedmeadsgo@skyrock.com,Male,140.102.70.197,09,82173184307
602,Dugald,Wringe,dwringegp@reverbnation.com,Male,79.245.90.104,70,15246264577
603,Curry,Habin,chabingq@google.ca,Male,25.242.137.77,45,17383397110
604,Jany,Thoumas,jthoumasgr@chicagotribune.com,Female,144.111.96.127,83,68154220863
605,Bentlee,Skeath,bskeathgs@com.com,Male,19.31.120.86,22,75843555635
606,Kara,Sukbhans,ksukbhansgt@trellian.com,Female,109.43.83.246,04,28049663864
607,Yetty,Meakes,ymeakesgu@twitter.com,Female,146.209.28.114,04,07935051294
608,Clyve,Chezier,ccheziergv@yandex.ru,Male,165.33.247.13,38,81264230184
609,Sarine,Rollings,srollingsgw@godaddy.com,Female,235.126.16.30,43,24034995623
610,Bern,Jerromes,bjerromesgx@parallels.com,Male,239.116.199.119,02,43401009239
611,Koren,Burnage,kburnagegy@macromedia.com,Female,76.136.179.175,50,55590742501
612,Rozalie,Defty,rdeftygz@nature.com,Female,122.158.186.59,85,47002297048
613,Kevan,Denkel,kdenkelh0@ucoz.com,Male,111.78.52.131,65,93767663408
614,Massimo,Heinemann,mheinemannh1@dailymotion.com,Male,150.0.107.88,62,36626391833
615,Silvain,Reburn,sreburnh2@ehow.com,Male,133.59.191.207,40,54277466136
616,Jeremiah,Binham,jbinhamh3@icio.us,Male,116.249.112.224,63,15824598982
617,Robyn,Seven,rsevenh4@dropbox.com,Female,153.119.157.154,39,68040037722
618,Lauri,Kesper,lkesperh5@salon.com,Female,30.52.131.220,68,69036797625
619,Nola,Sabati,nsabatih6@icio.us,Female,188.125.140.47,07,55461851907
620,Foster,Palliser,fpalliserh7@shop-pro.jp,Male,75.212.181.198,87,86373896329
621,Aldrich,Yakov,ayakovh8@wired.com,Male,220.255.203.127,15,41949501366
622,Fania,Dowley,fdowleyh9@google.es,Female,143.188.115.7,70,45095253977
623,Mellicent,Kniveton,mknivetonha@cbc.ca,Female,78.51.224.55,96,54698342235
624,Nike,Curragh,ncurraghhb@wix.com,Female,72.74.7.149,91,00004230333
625,Hiram,Ridsdell,hridsdellhc@alibaba.com,Male,10.44.0.246,40,20953453411
626,Sharlene,Casella,scasellahd@youtube.com,Female,231.136.71.209,48,86399577462
627,Danya,Carcas,dcarcashe@so-net.ne.jp,Male,17.125.184.177,21,81454231646
628,Martita,Matthiesen,mmatthiesenhf@163.com,Female,115.55.84.15,66,94730810234
629,Lora,Speedy,lspeedyhg@ox.ac.uk,Female,40.214.225.122,26,68557914987
630,Damiano,Grigore,dgrigorehh@gravatar.com,Male,77.68.129.87,12,75674399351
631,Micheline,Lamberton,mlambertonhi@tuttocitta.it,Female,78.228.63.221,03,98322820578
632,Felicle,Gaydon,fgaydonhj@i2i.jp,Female,16.217.58.102,83,42259436024
633,Rudolph,Whiterod,rwhiterodhk@ocn.ne.jp,Male,152.183.166.118,64,47593320649
634,Chandra,Zelland,czellandhl@eventbrite.com,Female,240.226.101.81,45,26608689934
635,Ruthe,Shoobridge,rshoobridgehm@biglobe.ne.jp,Female,239.206.109.213,73,31904182262
636,Richardo,Cocks,rcockshn@illinois.edu,Male,42.79.231.250,07,91375797580
637,Webster,Moores,wmooresho@de.vu,Male,100.11.200.192,13,37546851211
638,Rainer,Liversage,rliversagehp@skyrock.com,Male,70.35.236.124,38,61199483560
639,Delcine,Castagnier,dcastagnierhq@irs.gov,Female,248.15.178.120,27,98973957616
640,Emmott,Measen,emeasenhr@t.co,Male,161.132.63.39,15,02443496109
641,Verla,Grassett,vgrassetths@angelfire.com,Female,187.201.143.131,39,71632098471
642,Audrie,Collick,acollickht@booking.com,Female,51.87.46.243,80,23999158871
643,Jena,Plett,jpletthu@wordpress.org,Female,204.105.73.147,88,58315869154
644,Kayne,Bortoletti,kbortolettihv@walmart.com,Male,215.153.186.216,43,95112714619
645,Baxie,Muttitt,bmuttitthw@etsy.com,Male,9.210.239.51,63,13262744638
646,Gerardo,Emett,gemetthx@msu.edu,Male,110.196.227.201,40,09287530647
647,Estevan,Creswell,ecreswellhy@hubpages.com,Male,240.39.253.28,79,28093430273
648,Ginni,Deuss,gdeusshz@ehow.com,Female,226.55.185.133,64,29157715223
649,Jud,Clemitt,jclemitti0@purevolume.com,Male,30.68.21.53,94,66160635908
650,Warden,Stotherfield,wstotherfieldi1@nhs.uk,Male,171.157.118.102,76,31102473366
651,Allix,Piatti,apiattii2@state.tx.us,Female,143.44.42.223,42,75118504126
652,Zechariah,Hember,zhemberi3@themeforest.net,Male,110.7.170.109,72,77849066750
653,Jeffry,Driussi,jdriussii4@unesco.org,Male,65.42.235.146,66,16606100906
654,Florella,Fairbanks,ffairbanksi5@cnn.com,Female,153.36.44.117,36,13643894527
655,Letizia,Merrison,lmerrisoni6@ehow.com,Female,34.24.225.24,19,26203451065
656,Hakeem,Eltun,heltuni7@ucoz.com,Male,228.13.255.48,48,50588104086
657,Chet,Pratt,cpratti8@themeforest.net,Male,215.233.196.20,65,03205265304
658,Grange,Amorine,gamorinei9@hexun.com,Male,61.248.17.248,46,25500520646
659,Ki,Covell,kcovellia@timesonline.co.uk,Female,235.14.162.6,61,70512286714
660,Raynor,Kairns,rkairnsib@goodreads.com,Male,220.69.83.184,60,91067370619
661,Ole,Huggard,ohuggardic@ucla.edu,Male,120.32.50.157,57,84673138719
662,Jaclyn,Andrieux,jandrieuxid@auda.org.au,Female,73.204.208.59,27,58534349183
663,Konstantine,O'Crigan,kocriganie@ucsd.edu,Male,238.221.203.118,67,80430705775
664,Desiri,Killeley,dkilleleyif@samsung.com,Female,226.233.155.182,37,33441251207
665,Hannie,Tydd,htyddig@opensource.org,Female,126.255.87.37,80,52071569034
666,Rayner,Canham,rcanhamih@mapy.cz,Male,2.150.222.238,67,98589452617
667,Barbee,Nobbs,bnobbsii@goodreads.com,Female,222.214.184.81,75,66647355782
668,Kinna,Paxeford,kpaxefordij@foxnews.com,Female,112.139.249.241,92,48012725558
669,Shannen,Hele,sheleik@dion.ne.jp,Female,138.113.98.145,48,58315455040
670,Fulvia,Podmore,fpodmoreil@dagondesign.com,Female,157.158.113.224,22,06959398161
671,Lucias,McLaine,lmclaineim@pbs.org,Male,251.44.39.254,48,43252630488
672,Sollie,Pardew,spardewin@xrea.com,Male,43.16.87.74,83,79667954392
673,Oliviero,Nicklen,onicklenio@elegantthemes.com,Male,67.18.162.26,80,47006068162
674,Salomi,Whitsey,swhitseyip@samsung.com,Female,46.70.140.34,13,18121898304
675,Reade,Josuweit,rjosuweitiq@last.fm,Male,143.101.64.151,86,18893874643
676,Kameko,Hartley,khartleyir@un.org,Female,215.105.199.183,34,60122344072
677,Thurston,Noye,tnoyeis@yolasite.com,Male,238.53.147.48,27,41663513410
678,Art,Geffinger,ageffingerit@prnewswire.com,Male,123.101.20.22,33,08788699292
679,Ancell,Orpwood,aorpwoodiu@twitter.com,Male,200.137.42.120,93,17384472185
680,Kimberley,Schankel,kschankeliv@deliciousdays.com,Female,103.54.181.79,27,15140387829
681,Hillary,Deniseau,hdeniseauiw@storify.com,Male,34.226.151.14,48,47814483218
682,Lorinda,Norkutt,lnorkuttix@europa.eu,Female,203.204.103.127,93,37188985557
683,Lindy,Janousek,ljanousekiy@hostgator.com,Male,236.186.105.71,39,14476035967
684,Danny,Connachan,dconnachaniz@cocolog-nifty.com,Male,134.125.53.210,80,24566063026
685,Jodi,Handes,jhandesj0@pagesperso-orange.fr,Female,222.206.255.124,70,93843206082
686,Marcellina,Matieu,mmatieuj1@networksolutions.com,Female,98.40.34.72,16,16716544249
687,Mella,Daverin,mdaverinj2@nydailynews.com,Female,116.74.218.185,47,99822743686
688,Gardie,Haggarth,ghaggarthj3@fema.gov,Male,183.140.44.12,14,67537515927
689,Hartley,Stiller,hstillerj4@sitemeter.com,Male,43.104.67.71,05,60594745160
690,Egor,Beake,ebeakej5@multiply.com,Male,255.62.120.135,63,05290587532
691,Asher,Silverthorn,asilverthornj6@prweb.com,Male,60.150.245.118,22,39200187726
692,Hildegaard,Bollis,hbollisj7@economist.com,Female,209.27.156.158,97,62852200924
693,Dannie,Kelly,dkellyj8@omniture.com,Female,36.173.52.231,15,95157636892
694,Giraldo,Walklot,gwalklotj9@hao123.com,Male,73.110.170.56,77,15857269495
695,Kermy,Bonham,kbonhamja@godaddy.com,Male,205.22.151.120,09,55002137153
696,Kattie,Ducaen,kducaenjb@so-net.ne.jp,Female,203.178.115.204,60,55175588827
697,Martino,Coombe,mcoombejc@nymag.com,Male,6.221.223.115,06,63197499402
698,Paco,Cockle,pcocklejd@squarespace.com,Male,125.224.176.231,68,81273462039
699,Britte,Leet,bleetje@addtoany.com,Female,153.111.104.58,99,76749103612
700,Nels,Colborn,ncolbornjf@fda.gov,Male,208.112.221.100,91,94057240407
701,Ray,Burgiss,rburgissjg@bbb.org,Female,43.134.153.164,02,78545980943
702,Melodee,Jordeson,mjordesonjh@usatoday.com,Female,188.211.192.238,97,42321776868
703,Devland,Keller,dkellerji@dailymotion.com,Male,183.113.233.22,78,12709919898
704,Amara,Newlin,anewlinjj@theatlantic.com,Female,218.234.106.102,47,71737549696
705,Courtney,Sprackling,cspracklingjk@senate.gov,Male,120.59.68.187,05,77194274098
706,Zacharias,Pridie,zpridiejl@mapquest.com,Male,7.123.28.162,94,65898220999
707,Thorny,Britnell,tbritnelljm@tamu.edu,Male,200.174.70.92,39,40948605263
708,Annadiane,Brentnall,abrentnalljn@weebly.com,Female,199.100.95.51,88,73413782068
709,Meggi,Szymonwicz,mszymonwiczjo@cisco.com,Female,194.132.88.197,20,47461926804
710,Fanya,Adin,fadinjp@latimes.com,Female,36.246.72.175,74,64784910133
711,Jerrine,Mimmack,jmimmackjq@devhub.com,Female,227.32.104.21,27,22095483715
712,Perry,Lenahan,plenahanjr@prweb.com,Male,131.27.157.91,25,85575057243
713,Leola,Cowey,lcoweyjs@tripod.com,Female,112.103.219.235,19,60468664349
714,Josy,O'Moylan,jomoylanjt@nationalgeographic.com,Female,170.225.204.29,49,67677254394
715,Evie,Pluvier,epluvierju@cyberchimps.com,Female,144.92.248.102,77,02900221351
716,Clara,Chess,cchessjv@sfgate.com,Female,219.32.171.234,36,59648319279
717,Silvester,Thake,sthakejw@symantec.com,Male,128.168.25.136,32,31459046643
718,Ward,Goldberg,wgoldbergjx@sbwire.com,Male,20.20.189.36,63,16869732165
719,Benni,Kuhnert,bkuhnertjy@wp.com,Female,11.59.251.164,42,18828197874
720,Doralynn,Manis,dmanisjz@businesswire.com,Female,182.130.144.20,54,86919562830
721,Barbara-anne,Burtenshaw,bburtenshawk0@ycombinator.com,Female,178.47.205.188,49,32692622222
722,Klemens,Cronk,kcronkk1@yahoo.co.jp,Male,15.208.93.54,97,29481351256
723,Melesa,Bagshaw,mbagshawk2@linkedin.com,Female,230.28.44.137,83,71157526737
724,Courtney,Darmody,cdarmodyk3@reuters.com,Male,102.169.30.82,50,89393853291
725,Lauritz,Ciccerale,lcicceralek4@facebook.com,Male,91.55.8.100,93,59215673225
726,Melamie,Hancock,mhancockk5@economist.com,Female,201.212.216.220,11,67918424656
727,Essie,Nanetti,enanettik6@wired.com,Female,166.68.235.84,37,49618361077
728,Boyd,Rosenbusch,brosenbuschk7@pen.io,Male,229.225.177.9,69,09645624092
729,Gaylor,Claybourn,gclaybournk8@simplemachines.org,Male,107.139.105.48,89,72157847497
730,Paulo,Grebbin,pgrebbink9@twitter.com,Male,181.18.86.196,61,03765574560
731,Reginauld,Meynell,rmeynellka@wordpress.com,Male,167.228.220.180,54,61614486187
732,Yvonne,Grimsdale,ygrimsdalekb@oracle.com,Female,211.39.183.152,73,59006971917
733,Merwyn,Greensted,mgreenstedkc@bigcartel.com,Male,131.4.173.212,00,36239445371
734,Trumaine,Blofield,tblofieldkd@51.la,Male,6.253.234.175,54,86983097586
735,Carver,Dykins,cdykinske@gmpg.org,Male,192.147.254.154,05,10625996721
736,Isidore,Timlett,itimlettkf@epa.gov,Male,40.254.236.114,43,16076838222
737,Gawain,Crannis,gcranniskg@goodreads.com,Male,213.225.211.22,10,90773680731
738,Meghann,Itzcovich,mitzcovichkh@mac.com,Female,21.167.143.136,79,83693673692
739,Mamie,Beer,mbeerki@census.gov,Female,20.50.41.196,38,50169501426
740,Reilly,Reaveley,rreaveleykj@bigcartel.com,Male,112.61.116.77,22,75173329596
741,Jeddy,McAleese,jmcaleesekk@adobe.com,Male,22.67.143.1,86,31902714198
742,Alisander,Leonardi,aleonardikl@go.com,Male,253.12.204.133,39,55524593535
743,Allistir,Fosse,afossekm@smugmug.com,Male,233.92.15.220,74,20433493642
744,Deeanne,Veschi,dveschikn@yellowbook.com,Female,212.100.152.22,80,21407068381
745,Carrissa,Gamon,cgamonko@blogtalkradio.com,Female,127.195.152.172,09,03319874830
746,Marcela,Quodling,mquodlingkp@sakura.ne.jp,Female,78.29.72.150,16,84589894088
747,Kerry,Muckart,kmuckartkq@blogs.com,Male,200.66.53.176,56,25033581399
748,Erica,Morton,emortonkr@howstuffworks.com,Female,205.39.125.86,01,15344932019
749,Eduino,Benbough,ebenboughks@answers.com,Male,220.233.248.22,75,85662244153
750,Tim,Jindracek,tjindracekkt@wordpress.org,Female,178.65.5.70,25,63006788137
751,Ann,Kilbey,akilbeyku@imdb.com,Female,242.227.218.205,19,72664172118
752,Brian,Grattan,bgrattankv@mapy.cz,Male,172.186.65.5,50,75354193890
753,Wynne,Taverner,wtavernerkw@fotki.com,Female,116.227.148.39,21,89161332276
754,Sioux,Dyshart,sdyshartkx@comsenz.com,Female,212.54.213.179,46,67487779390
755,Humfrid,Labrow,hlabrowky@craigslist.org,Male,196.250.108.3,08,48891122560
756,Mareah,Gooderham,mgooderhamkz@barnesandnoble.com,Female,123.139.147.5,99,66290624000
757,Micki,Brommage,mbrommagel0@pcworld.com,Female,98.10.136.121,41,08211694967
758,Byrom,Potkin,bpotkinl1@yale.edu,Male,90.98.216.29,82,21140496373
759,Dietrich,Heinlein,dheinleinl2@about.com,Male,208.254.250.146,93,88431728405
760,Hernando,Ellershaw,hellershawl3@wikia.com,Male,231.206.54.109,41,88578292390
761,Redd,Goodinge,rgoodingel4@lycos.com,Male,35.11.50.101,39,59767210740
762,Lucy,Caney,lcaneyl5@clickbank.net,Female,235.125.21.153,17,64408889569
763,Meredithe,Laviss,mlavissl6@plala.or.jp,Female,150.179.137.249,79,55501359987
764,Juieta,de Clerq,jdeclerql7@infoseek.co.jp,Female,55.39.163.3,12,35332518481
765,Rip,Agglione,ragglionel8@networkadvertising.org,Male,99.150.105.89,64,23728642820
766,Jephthah,Clace,jclacel9@nih.gov,Male,83.179.43.178,41,65964417059
767,Hedvige,O'Lynn,holynnla@multiply.com,Female,103.186.93.104,09,05293396026
768,Meir,Eckh,meckhlb@mapquest.com,Male,110.133.102.8,69,07702462110
769,Bonnibelle,Francioli,bfranciolilc@1und1.de,Female,238.164.154.73,15,43638202685
770,Layney,McCrea,lmccreald@omniture.com,Female,183.21.242.3,84,34051660644
771,Barty,Geekie,bgeekiele@nps.gov,Male,135.130.221.14,81,78589792766
772,Redd,Pontin,rpontinlf@bravesites.com,Male,241.69.243.42,16,80362703998
773,Erin,Gollard,egollardlg@hao123.com,Female,35.106.78.6,45,64334870086
774,Emilie,Lugsdin,elugsdinlh@infoseek.co.jp,Female,120.87.132.201,65,88543534988
775,Glenden,Tatton,gtattonli@cisco.com,Male,187.111.93.171,54,62408272151
776,Meggy,Henkens,mhenkenslj@dailymotion.com,Female,109.27.232.32,68,20962196382
777,Noami,Cornfield,ncornfieldlk@geocities.jp,Female,174.155.30.68,70,05240588515
778,Hildagarde,Wyndham,hwyndhamll@craigslist.org,Female,74.59.154.3,23,73548835710
779,Morley,Apperley,mapperleylm@house.gov,Male,138.96.92.229,58,91720424447
780,Silvana,Gianetti,sgianettiln@oaic.gov.au,Female,44.221.105.53,87,63934403545
781,Merilee,Vondrak,mvondraklo@dot.gov,Female,174.17.213.147,56,43551360027
782,Caria,Norquoy,cnorquoylp@ucoz.ru,Female,176.61.229.89,04,27532762450
783,Celinda,Duggary,cduggarylq@china.com.cn,Female,249.17.205.101,69,37757098815
784,Cello,Sant,csantlr@hatena.ne.jp,Male,4.113.129.143,39,45556025401
785,Cymbre,Kolak,ckolakls@nhs.uk,Female,68.4.14.40,64,31396433803
786,Gal,Davidof,gdavidoflt@alexa.com,Male,136.16.162.87,82,73601504949
787,Eben,Shapero,eshaperolu@com.com,Male,18.107.53.158,75,49717505913
788,Vernice,Baruch,vbaruchlv@foxnews.com,Female,36.51.165.192,12,51054193192
789,Bryan,Krzyzanowski,bkrzyzanowskilw@blogger.com,Male,164.182.145.146,80,21186416061
790,Byron,Saddler,bsaddlerlx@1688.com,Male,233.98.243.245,91,23680242927
791,Sherilyn,Cardenoza,scardenozaly@printfriendly.com,Female,28.241.24.222,68,85135689844
792,Malissia,Redman,mredmanlz@ameblo.jp,Female,13.0.115.82,19,87018248858
793,Berget,Shanklin,bshanklinm0@nytimes.com,Female,59.179.33.233,52,34791981855
794,Fabiano,Withur,fwithurm1@quantcast.com,Male,192.134.190.228,85,39636090670
795,Cirstoforo,Dreye,cdreyem2@ebay.com,Male,1.27.166.222,76,64442027697
796,Emmalyn,Waison,ewaisonm3@reverbnation.com,Female,4.55.129.190,85,39238792406
797,Maribelle,Verner,mvernerm4@canalblog.com,Female,249.149.114.76,68,63255611518
798,Carley,Gallihawk,cgallihawkm5@slate.com,Female,107.213.119.12,69,68955852540
799,Bryant,Burkert,bburkertm6@stumbleupon.com,Male,208.60.77.134,68,48873515199
800,Lisha,Hutchence,lhutchencem7@mozilla.com,Female,73.128.168.30,07,89722676220
801,Lexie,Goldsby,lgoldsbym8@tamu.edu,Female,34.102.70.93,26,95335788478
802,Gipsy,Keigher,gkeigherm9@xrea.com,Female,240.246.95.49,26,34706853811
803,Bibi,Killby,bkillbyma@posterous.com,Female,141.4.130.5,60,40914629045
804,Fionnula,Potkins,fpotkinsmb@e-recht24.de,Female,88.214.143.202,36,06663255041
805,Linoel,Casaletto,lcasalettomc@mail.ru,Male,223.190.186.136,43,17143219564
806,Eberto,McRamsey,emcramseymd@indiegogo.com,Male,196.110.51.226,21,34071245696
807,Kiley,Sayle,ksayleme@elpais.com,Female,249.226.55.163,93,59054829188
808,Randie,St. Pierre,rstpierremf@npr.org,Male,130.81.41.143,04,41772517471
809,Xever,Pimbley,xpimbleymg@deliciousdays.com,Male,234.197.191.79,31,11093260368
810,Raimundo,Zavattieri,rzavattierimh@who.int,Male,112.23.80.224,81,50305280580
811,Bayard,Holbury,bholburymi@icio.us,Male,155.207.127.191,37,54045973522
812,Georgine,Heathwood,gheathwoodmj@xing.com,Female,7.74.164.60,72,61759036618
813,Ethelred,Lavarack,elavarackmk@ycombinator.com,Male,247.125.97.115,73,88177049215
814,Kirbie,Powner,kpownerml@typepad.com,Female,242.237.3.170,95,47077838434
815,Renaldo,Scardifield,rscardifieldmm@plala.or.jp,Male,116.32.62.174,33,91470049933
816,Levin,Giral,lgiralmn@tinyurl.com,Male,95.195.161.170,36,99996212690
817,Raquel,Heistermann,rheistermannmo@slideshare.net,Female,32.178.20.110,48,83532081929
818,Janella,Stollery,jstollerymp@hugedomains.com,Female,59.180.64.225,85,54722621700
819,Jacquelyn,Ribey,jribeymq@friendfeed.com,Female,196.103.108.213,32,38288110122
820,Darice,Hebblewhite,dhebblewhitemr@t-online.de,Female,192.17.238.212,56,72112342148
821,Gwenore,Sherrard,gsherrardms@salon.com,Female,17.173.195.135,28,06979410448
822,Timmy,Mitskevich,tmitskevichmt@accuweather.com,Female,253.133.237.203,39,17404613109
823,Elsbeth,Rehme,erehmemu@thetimes.co.uk,Female,182.188.170.44,82,00212429984
824,Eula,Yateman,eyatemanmv@time.com,Female,128.12.93.102,08,62354023290
825,Jerrold,Morgon,jmorgonmw@sitemeter.com,Male,14.234.24.160,21,55792762787
826,Briano,Lenglet,blengletmx@lulu.com,Male,139.143.180.146,31,05259756631
827,Lorianna,Beasley,lbeasleymy@51.la,Female,153.193.69.255,32,99940455411
828,Cindelyn,Yockney,cyockneymz@statcounter.com,Female,215.155.7.74,92,67956911523
829,Sher,Wilkisson,swilkissonn0@cbc.ca,Female,8.21.54.50,38,24627938165
830,Alaine,Basindale,abasindalen1@squidoo.com,Female,201.80.116.151,15,11700335577
831,Hoebart,Chadband,hchadbandn2@jugem.jp,Male,96.138.199.176,78,09827620565
832,Urbain,Uman,uumann3@topsy.com,Male,58.128.124.32,93,65484519437
833,Jerrome,Fobidge,jfobidgen4@discovery.com,Male,200.56.87.200,91,59095637320
834,Velvet,Janowicz,vjanowiczn5@yahoo.co.jp,Female,133.221.175.33,54,39262084117
835,Connie,Addeycott,caddeycottn6@furl.net,Female,227.102.27.155,52,25464390194
836,Lincoln,Iacofo,liacofon7@xrea.com,Male,226.139.145.169,01,92618894942
837,Robinson,Bosher,rboshern8@blogtalkradio.com,Male,58.182.107.8,83,27534567658
838,Rosamund,Keitch,rkeitchn9@timesonline.co.uk,Female,85.51.73.180,33,78785665426
839,Dominik,Mc Andrew,dmcandrewna@auda.org.au,Male,30.132.246.50,68,74349098517
840,Courtnay,Kopec,ckopecnb@cornell.edu,Male,27.112.126.38,58,18133386832
841,Joycelin,Portail,jportailnc@sitemeter.com,Female,48.177.179.3,15,20494716326
842,Zelig,Eisikovitsh,zeisikovitshnd@tripod.com,Male,81.2.173.12,38,07431873682
843,Stuart,Kennicott,skennicottne@etsy.com,Male,17.3.82.174,48,43334954463
844,Dawna,Copo,dcoponf@acquirethisname.com,Female,144.69.200.19,21,19330136354
845,Laverne,Hundell,lhundellng@irs.gov,Female,65.84.4.69,06,30826141149
846,Lay,Loynes,lloynesnh@nationalgeographic.com,Male,132.139.40.155,59,15034299588
847,Stanislas,McTear,smctearni@barnesandnoble.com,Male,70.131.49.181,31,51547998060
848,Libbi,Pedican,lpedicannj@dailymotion.com,Female,33.100.85.196,41,08347964161
849,Flor,Bretland,fbretlandnk@homestead.com,Female,112.152.134.230,96,70454095123
850,Silvia,Smittoune,ssmittounenl@cbslocal.com,Female,164.76.131.11,86,03293350496
851,Kaitlin,Dudliston,kdudlistonnm@forbes.com,Female,139.223.85.255,98,13124036169
852,Baron,Finlay,bfinlaynn@tumblr.com,Male,189.9.187.163,85,95777154500
853,Lurette,Waison,lwaisonno@tumblr.com,Female,214.1.115.119,69,31187397225
854,Joleen,Surgenor,jsurgenornp@dailymotion.com,Female,40.144.77.242,41,33707678820
855,Marcellina,Ades,madesnq@comcast.net,Female,186.183.133.137,92,20269813337
856,Pace,Barniss,pbarnissnr@dedecms.com,Male,99.175.176.37,67,24885883561
857,Creigh,Kiendl,ckiendlns@csmonitor.com,Male,198.36.104.65,61,37287429113
858,Hailee,Plowes,hplowesnt@reverbnation.com,Female,89.158.52.241,00,77788325528
859,Osbert,Whatham,owhathamnu@imdb.com,Male,27.232.130.80,53,26328409096
860,Cullen,Andras,candrasnv@nifty.com,Male,30.229.20.44,75,97575511223
861,Tedda,Artrick,tartricknw@tumblr.com,Female,195.209.57.144,74,44682466486
862,Matt,Wyllis,mwyllisnx@telegraph.co.uk,Male,189.217.196.92,28,78074572326
863,Paolo,Pregel,ppregelny@reference.com,Male,120.153.94.167,87,61886445894
864,Justine,Carlsen,jcarlsennz@bloglines.com,Female,146.127.231.161,96,42913524123
865,Henri,Wackley,hwackleyo0@buzzfeed.com,Male,218.162.252.192,32,92045416398
866,Rosalia,Sherwill,rsherwillo1@simplemachines.org,Female,38.187.175.182,50,10126271688
867,Ennis,Gowing,egowingo2@shinystat.com,Male,81.243.113.23,82,34178450440
868,Sarajane,Dunnett,sdunnetto3@wikispaces.com,Female,28.67.158.54,35,76201760158
869,Hercule,Schriren,hschrireno4@comcast.net,Male,45.34.160.18,95,97783202917
870,Ferne,Patershall,fpatershallo5@rambler.ru,Female,10.132.206.112,44,29503871019
871,Mala,Bottomer,mbottomero6@cdbaby.com,Female,178.203.218.82,71,83728776260
872,Edvard,Pendred,ependredo7@eventbrite.com,Male,241.186.8.253,55,83395414940
873,Sonnie,Curtois,scurtoiso8@tripadvisor.com,Male,152.230.42.44,71,25379126491
874,Adria,Cockren,acockreno9@wix.com,Female,229.150.36.247,75,34310560881
875,Giulio,Francis,gfrancisoa@usatoday.com,Male,242.55.69.2,77,15386152048
876,Gaylor,Anshell,ganshellob@flickr.com,Male,154.14.28.24,07,44457150911
877,Alecia,Strelitz,astrelitzoc@squidoo.com,Female,135.160.28.197,33,88784607533
878,Willi,Postlewhite,wpostlewhiteod@360.cn,Female,20.17.218.69,53,08853719784
879,Olimpia,Andrzejak,oandrzejakoe@smugmug.com,Female,120.220.119.136,64,75718067406
880,Rodger,Coite,rcoiteof@loc.gov,Male,76.26.127.20,01,51430740960
881,Grazia,Gillmor,ggillmorog@parallels.com,Female,31.4.122.99,57,96021131151
882,Sarene,Neary,snearyoh@dailymotion.com,Female,0.218.201.250,10,05078846163
883,Boyce,Linthead,blintheadoi@cnet.com,Male,184.233.24.222,71,65840319064
884,Margot,Lewson,mlewsonoj@wikispaces.com,Female,243.175.254.81,69,68219275988
885,Roderick,Coleiro,rcoleirook@samsung.com,Male,194.166.150.158,40,88082713672
886,Fredrika,Fabri,ffabriol@tumblr.com,Female,118.88.11.110,71,86000769403
887,Martino,Grissett,mgrissettom@cnbc.com,Male,235.228.199.100,01,67245201871
888,Filia,Drinkall,fdrinkallon@nationalgeographic.com,Female,217.204.81.252,30,71026096182
889,Maryanna,Bourton,mbourtonoo@dion.ne.jp,Female,237.243.54.170,78,73778535682
890,Katharine,Ainsbury,kainsburyop@tumblr.com,Female,54.111.201.65,17,26058270415
891,Andreana,Westraw,awestrawoq@harvard.edu,Female,67.207.172.26,10,28781097328
892,Sam,Tocher,stocheror@joomla.org,Male,145.115.42.52,41,00553485230
893,Ware,Lavalle,wlavalleos@angelfire.com,Male,3.20.65.163,70,37019964638
894,Gal,Sillis,gsillisot@i2i.jp,Male,55.143.106.65,36,15696658990
895,Feodor,Headan,fheadanou@about.com,Male,55.248.29.171,83,05260252472
896,Pippa,Swindlehurst,pswindlehurstov@nsw.gov.au,Female,251.167.248.172,41,78766221217
897,Gussie,Metson,gmetsonow@php.net,Female,96.74.232.176,07,40059618764
898,Lin,Laffin,llaffinox@independent.co.uk,Male,35.153.13.144,71,31311910192
899,Gloriane,Aistrop,gaistropoy@flickr.com,Female,208.26.182.190,98,91474368382
900,Binnie,McFayden,bmcfaydenoz@statcounter.com,Female,163.221.158.193,20,22286949674
901,Willey,Dennert,wdennertp0@e-recht24.de,Male,98.67.61.113,69,35776957866
902,Kristien,Pietruszka,kpietruszkap1@ihg.com,Female,177.26.196.115,16,80411550973
903,Alexandr,Lackie,alackiep2@ucoz.ru,Male,130.66.239.220,43,58278782839
904,Lissa,McArte,lmcartep3@blog.com,Female,54.253.202.141,17,10949222676
905,Violetta,Brymner,vbrymnerp4@auda.org.au,Female,111.148.225.56,16,33405760505
906,Devora,Gunney,dgunneyp5@theglobeandmail.com,Female,5.8.122.50,52,53795601738
907,Vernon,Maudlin,vmaudlinp6@microsoft.com,Male,55.56.240.184,94,13297203504
908,Parnell,Cullagh,pcullaghp7@blinklist.com,Male,101.130.62.130,53,07354285194
909,Kory,Gasgarth,kgasgarthp8@gravatar.com,Male,127.120.150.221,79,35104706602
910,Lynde,Bicksteth,lbickstethp9@samsung.com,Female,190.59.131.189,74,00028571158
911,Felita,Auden,faudenpa@java.com,Female,74.46.96.255,20,13132444978
912,Linc,Claessens,lclaessenspb@flickr.com,Male,239.168.135.132,92,18661813371
913,Gerladina,St. Aubyn,gstaubynpc@jiathis.com,Female,243.227.86.245,31,06421261221
914,Toinette,Shwalbe,tshwalbepd@rambler.ru,Female,235.24.83.41,68,08278371157
915,Lorna,Blackbourn,lblackbournpe@skyrock.com,Female,235.98.211.90,35,95174201559
916,Emmye,Lavrick,elavrickpf@huffingtonpost.com,Female,5.51.175.178,39,89836274544
917,Christoffer,Lothlorien,clothlorienpg@imdb.com,Male,104.199.130.84,44,73494461383
918,Nerte,Brason,nbrasonph@wikispaces.com,Female,32.77.69.179,30,49724856734
919,Tommi,Roust,troustpi@loc.gov,Female,237.145.155.122,89,99361903712
920,Preston,Haldenby,phaldenbypj@gnu.org,Male,24.219.159.236,08,77017290621
921,Daryl,Leacock,dleacockpk@oaic.gov.au,Male,208.228.67.47,42,75541574663
922,Stanislaw,Loweth,slowethpl@eventbrite.com,Male,203.197.202.20,22,76368366538
923,Wilmar,Aubert,waubertpm@nationalgeographic.com,Male,110.115.103.38,26,83882956870
924,Darnell,Eate,deatepn@pen.io,Male,100.169.137.72,47,52225971363
925,Julita,Maior,jmaiorpo@studiopress.com,Female,113.150.54.150,92,54087864476
926,Felicio,Riggey,friggeypp@about.com,Male,15.161.57.71,83,30819016444
927,Jonathon,Fishbourne,jfishbournepq@friendfeed.com,Male,161.108.190.214,13,36870218516
928,Charla,Clearley,cclearleypr@aol.com,Female,43.150.33.179,01,09972624831
929,Trescha,Huxstep,thuxstepps@craigslist.org,Female,48.88.38.59,13,56448794811
930,Tracey,Purvey,tpurveypt@rediff.com,Female,223.101.223.102,26,18067456922
931,Aurelia,Mewis,amewispu@wunderground.com,Female,5.208.172.254,20,51239540437
932,Mattias,Noad,mnoadpv@phoca.cz,Male,49.213.192.4,09,90239041027
933,Weylin,Files,wfilespw@gnu.org,Male,214.77.186.235,40,17359446447
934,Tabb,VanBrugh,tvanbrughpx@squidoo.com,Male,180.2.38.247,54,17221710574
935,Kanya,Lovelady,kloveladypy@berkeley.edu,Female,87.158.156.36,71,10300099946
936,Karel,Vallis,kvallispz@eventbrite.com,Male,187.82.29.58,29,13737531448
937,Claribel,Maciocia,cmaciociaq0@printfriendly.com,Female,95.1.119.160,41,16482549625
938,Darbee,Rosenauer,drosenauerq1@fastcompany.com,Male,133.56.232.208,38,65388841754
939,Stefanie,Kleinsinger,skleinsingerq2@com.com,Female,15.24.185.148,97,09747982525
940,Gwenneth,Larrington,glarringtonq3@hugedomains.com,Female,137.100.181.130,08,27578328424
941,Elke,Bendix,ebendixq4@blogspot.com,Female,59.48.117.61,42,81279358828
942,Bert,Eatock,beatockq5@e-recht24.de,Male,107.233.42.55,47,51916053593
943,Osborne,Whitebrook,owhitebrookq6@cdbaby.com,Male,112.57.170.53,33,92640318702
944,Tomasine,Shewon,tshewonq7@ihg.com,Female,218.183.46.237,76,89630089983
945,Brittne,Vittle,bvittleq8@ebay.com,Female,152.44.112.83,86,07864948981
946,Fianna,Gennerich,fgennerichq9@howstuffworks.com,Female,191.13.171.100,24,21694627807
947,Paten,Yerborn,pyerbornqa@wsj.com,Male,47.212.214.215,30,11964872663
948,Jorgan,Sorrell,jsorrellqb@wunderground.com,Male,97.215.158.139,15,74242042242
949,Kial,Huerta,khuertaqc@senate.gov,Female,131.103.58.91,64,39845820524
950,Randene,Lakin,rlakinqd@noaa.gov,Female,138.100.212.78,22,65839769074
951,Burlie,Burdin,bburdinqe@printfriendly.com,Male,87.192.147.151,98,42408953655
952,Emmie,Doughty,edoughtyqf@amazonaws.com,Female,184.189.44.49,18,14380223159
953,Jamima,Cradoc,jcradocqg@vinaora.com,Female,214.150.255.105,57,50726641593
954,Arlyn,Daybell,adaybellqh@google.ru,Female,188.145.180.18,70,47163261851
955,Melantha,Christophersen,mchristophersenqi@ameblo.jp,Female,165.91.125.175,27,80528162149
956,Buffy,Paulou,bpaulouqj@histats.com,Female,223.44.180.94,26,41340552621
957,Heddi,Hamlington,hhamlingtonqk@soundcloud.com,Female,225.104.111.246,45,04632085102
958,Aarika,Dowell,adowellql@myspace.com,Female,15.110.86.137,92,34458224408
959,Margarete,O'Doireidh,modoireidhqm@over-blog.com,Female,9.176.232.130,57,61735133469
960,Perle,De Ferrari,pdeferrariqn@cloudflare.com,Female,170.81.146.113,12,67306846199
961,Cart,Adams,cadamsqo@prweb.com,Male,61.117.223.211,44,47550739462
962,Hamnet,Scahill,hscahillqp@tiny.cc,Male,158.186.234.182,64,21226652459
963,Janaye,Riehm,jriehmqq@pinterest.com,Female,113.207.125.83,57,60240187006
964,Sibylla,Blodget,sblodgetqr@aol.com,Female,87.219.247.93,69,81391695071
965,Jaime,Crosson,jcrossonqs@digg.com,Male,41.32.162.177,59,15146914849
966,Kyle,Everit,keveritqt@hatena.ne.jp,Male,174.67.126.155,82,10164063964
967,Lotta,Dwane,ldwanequ@sitemeter.com,Female,243.45.149.10,15,89725940938
968,Sean,Copozio,scopozioqv@arstechnica.com,Male,24.94.156.87,06,84855915072
969,Mandel,Langmaid,mlangmaidqw@elpais.com,Male,233.154.244.200,64,21961278300
970,Adel,Eldrid,aeldridqx@techcrunch.com,Female,186.31.111.134,18,98789002251
971,Ambrosi,Ray,arayqy@weibo.com,Male,222.193.181.43,07,90653442303
972,Yolande,Webbe,ywebbeqz@narod.ru,Female,233.64.228.106,67,33461117466
973,Herbie,Madner,hmadnerr0@youku.com,Male,87.203.230.202,31,79069241302
974,Kelley,Ricca,kriccar1@free.fr,Female,95.84.245.168,80,32060180258
975,Abbi,Heppenspall,aheppenspallr2@networkadvertising.org,Female,98.88.95.112,79,78569956125
976,Adah,Week,aweekr3@dropbox.com,Female,32.229.164.166,83,80204501258
977,Basile,Ladlow,bladlowr4@whitehouse.gov,Male,190.194.106.41,07,12590165062
978,Stanislaus,Battista,sbattistar5@state.gov,Male,99.128.138.74,77,38503313807
979,Suzette,Gianotti,sgianottir6@wikipedia.org,Female,175.141.87.83,86,23830601768
980,Adams,Pritchett,apritchettr7@miibeian.gov.cn,Male,34.130.37.108,59,63690609472
981,Cassie,Jestico,cjesticor8@ted.com,Male,18.47.21.131,40,25814116692
982,Kaspar,Gascoigne,kgascoigner9@ameblo.jp,Male,25.32.176.6,38,47472683642
983,Reynolds,Spillane,rspillanera@furl.net,Male,135.203.24.76,77,95905660901
984,Arman,Boughtwood,aboughtwoodrb@blogtalkradio.com,Male,131.142.203.189,49,80546295771
985,Celka,Learmouth,clearmouthrc@nba.com,Female,85.54.125.215,90,11088831449
986,Mae,Cuardall,mcuardallrd@blinklist.com,Female,157.103.239.154,12,34716853236
987,Nils,Kitman,nkitmanre@zimbio.com,Male,233.2.63.40,93,45691498545
988,Zechariah,Aylward,zaylwardrf@pbs.org,Male,155.130.107.107,18,72170728287
989,Jenifer,Turford,jturfordrg@businesswire.com,Female,140.106.21.241,34,97477005975
990,Juliette,Sandels,jsandelsrh@senate.gov,Female,8.94.159.235,41,57372481999
991,Mace,Wyeth,mwyethri@huffingtonpost.com,Male,218.63.104.105,51,71670549539
992,Zack,Crookshank,zcrookshankrj@t.co,Male,240.66.56.232,31,32448284143
993,Caleb,Abrams,cabramsrk@examiner.com,Male,44.172.26.242,14,82271762616
994,Anders,Capron,acapronrl@imgur.com,Male,46.143.74.205,93,15490434921
995,Tyler,Huntriss,thuntrissrm@hp.com,Male,206.42.107.150,28,00205527413
996,Mahmoud,Bletsor,mbletsorrn@jugem.jp,Male,155.174.43.244,35,21203436679
997,Antonella,Andrysiak,aandrysiakro@ucoz.com,Female,242.208.77.213,75,57727557822
998,Coraline,Wilce,cwilcerp@mashable.com,Female,2.125.191.179,16,48976469655
999,Jami,Anselmi,janselmirq@jalbum.net,Female,4.136.208.160,53,19050034975
1000,Miran,Muge,mmugerr@jalbum.net,Female,27.93.227.46,41,59993370714
